path,cluster,bg_frac,p1,p50,p99,grad_mean,grad_tail,var_med,var_iqr,spec_slope
000000.npy,0,0.372620,0.007843,0.086275,0.882353,0.023691,6.142598,0.001000,0.003772,-1.718231
000001.npy,0,0.027084,0.031373,0.309804,0.831373,0.021715,4.121057,0.001117,0.002176,-1.674431
000002.npy,0,0.035172,0.023529,0.290196,0.811765,0.021778,4.018733,0.001094,0.002327,-1.657504
000003.npy,0,0.027985,0.027451,0.286275,0.796078,0.021119,4.054684,0.000998,0.002050,-1.654353
000004.npy,1,0.002991,0.066667,0.388235,0.705882,0.077277,3.864772,0.010499,0.015067,-0.892501
000005.npy,0,0.002197,0.113725,0.266667,0.431373,0.032598,4.344334,0.001468,0.001892,-0.816772
000006.npy,0,0.002213,0.113725,0.266667,0.431373,0.032228,4.387831,0.001477,0.001919,-0.818837
000007.npy,0,0.002151,0.109804,0.262745,0.435294,0.032395,4.481177,0.001421,0.001917,-0.820064
000008.npy,1,0.004166,0.094118,0.517647,0.898039,0.076706,4.049421,0.012518,0.019243,-1.149429
000009.npy,0,0.004120,0.078431,0.545098,0.890196,0.053157,5.585883,0.003552,0.014402,-1.147247
000010.npy,0,0.005692,0.066667,0.505882,0.862745,0.045338,6.050852,0.001860,0.010164,-1.178286
000011.npy,0,0.002975,0.086275,0.556863,0.894118,0.055105,5.415691,0.004484,0.015661,-1.144967
000012.npy,0,0.001282,0.078431,0.192157,0.909804,0.024728,3.903392,0.000891,0.001011,-1.339180
000013.npy,0,0.000519,0.113725,0.898039,0.909804,0.029868,11.718749,0.000008,0.000039,-1.178276
000014.npy,0,0.000427,0.109804,0.894118,0.909804,0.025142,13.571341,0.000008,0.000005,-1.200389
000015.npy,0,0.000702,0.105882,0.898039,0.913725,0.034123,10.431479,0.000008,0.004576,-1.174509
000016.npy,0,0.005112,0.086275,0.866667,0.976471,0.028302,9.331391,0.000601,0.003467,-1.504808
000017.npy,1,0.000809,0.113725,0.658824,0.858824,0.080156,3.234182,0.024635,0.029301,-1.276546
000018.npy,1,0.000565,0.121569,0.662745,0.854902,0.078226,3.259223,0.022848,0.028321,-1.273744
000019.npy,1,0.000671,0.117647,0.658824,0.858824,0.080245,3.236467,0.024671,0.028341,-1.276762
000020.npy,0,0.000122,0.090196,0.623529,0.886275,0.017713,3.778290,0.000669,0.001513,-1.639390
000021.npy,0,0.007019,0.054902,0.415686,0.658824,0.019340,7.842279,0.000154,0.001112,-1.403715
000022.npy,0,0.015411,0.043137,0.400000,0.647059,0.019091,8.044893,0.000155,0.001005,-1.384926
000023.npy,0,0.013931,0.043137,0.400000,0.643137,0.018995,8.062150,0.000151,0.000994,-1.385027
000024.npy,1,0.006317,0.058824,0.368627,0.854902,0.102113,3.031567,0.015592,0.012311,-0.885084
000025.npy,0,0.020859,0.035294,0.196078,0.790784,0.071752,4.303125,0.005921,0.016038,-0.984330
000026.npy,0,0.020554,0.035294,0.196078,0.786863,0.070836,4.332997,0.005637,0.015110,-0.986119
000027.npy,0,0.020554,0.035294,0.196078,0.784314,0.070719,4.340307,0.005592,0.015117,-0.986024
000028.npy,0,0.003052,0.109804,0.725490,0.937255,0.028770,4.827404,0.001271,0.002705,-1.384612
000029.npy,0,0.002731,0.078431,0.556863,0.866667,0.048784,5.315223,0.005474,0.012219,-1.370353
000030.npy,0,0.002716,0.078431,0.537255,0.854902,0.046114,5.561693,0.004249,0.010384,-1.331454
000031.npy,0,0.002838,0.078431,0.556863,0.866667,0.048795,5.311751,0.005468,0.012189,-1.370465
000032.npy,0,0.007812,0.054902,0.698039,0.984314,0.016567,12.480191,0.000078,0.000796,-1.381482
000033.npy,0,0.055603,0.019608,0.741176,0.913725,0.055174,7.120266,0.002845,0.011999,-1.345574
000034.npy,0,0.044159,0.023529,0.772549,0.945098,0.052459,7.471039,0.002683,0.006103,-1.316236
000035.npy,0,0.059967,0.019608,0.745098,0.913725,0.055130,7.117254,0.002630,0.011562,-1.327420
000036.npy,0,0.000061,0.184314,0.396078,0.639216,0.019479,6.964835,0.000369,0.000384,-1.030852
000037.npy,0,0.003601,0.074510,0.647059,0.890196,0.039445,3.279318,0.002869,0.002826,-1.252738
000038.npy,0,0.003754,0.074510,0.631373,0.854902,0.038726,3.273354,0.002812,0.002735,-1.237291
000039.npy,0,0.003769,0.070588,0.635294,0.878431,0.039803,3.287989,0.003008,0.003052,-1.241721
000040.npy,0,0.003082,0.078431,0.466667,0.815686,0.049577,4.726449,0.005389,0.011198,-1.383792
000041.npy,1,0.080231,0.000000,0.360784,0.850980,0.071569,4.137767,0.013619,0.020927,-1.495939
000042.npy,1,0.110229,0.000000,0.329412,0.847059,0.072145,4.293687,0.013527,0.020570,-1.476592
000043.npy,1,0.112137,0.000000,0.345098,0.850980,0.070946,4.352208,0.013903,0.020462,-1.481684
000044.npy,1,0.078201,0.007843,0.227451,0.984314,0.114783,3.668407,0.026624,0.030317,-1.098545
000045.npy,0,0.000870,0.113725,0.545098,0.874510,0.063991,3.880956,0.008091,0.010218,-1.394161
000046.npy,0,0.001358,0.101961,0.545098,0.917647,0.066973,3.982665,0.008683,0.011004,-1.388492
000047.npy,0,0.001419,0.105882,0.549020,0.874510,0.067589,3.706988,0.008723,0.010064,-1.357619
000048.npy,0,0.005127,0.050980,0.066667,0.870588,0.015091,11.042872,0.000029,0.000019,-1.312739
000049.npy,1,0.012817,0.039216,0.486275,0.666667,0.118165,2.675596,0.017856,0.006201,0.027427
000050.npy,1,0.012817,0.039216,0.490196,0.670588,0.118641,2.700108,0.018002,0.006091,-0.002566
000051.npy,1,0.013245,0.039216,0.486275,0.670588,0.119706,2.676001,0.018370,0.006472,0.002075
000052.npy,0,0.000092,0.403922,0.650980,0.890196,0.043491,2.489733,0.002302,0.000904,-0.909579
000053.npy,0,0.006821,0.060196,0.411765,0.847059,0.052364,5.368829,0.003678,0.008030,-1.343134
000054.npy,0,0.004929,0.066667,0.435294,0.850980,0.050489,5.106448,0.003353,0.009369,-1.352058
000055.npy,0,0.010361,0.047059,0.309804,0.756863,0.043956,5.380869,0.002998,0.009378,-1.369259
000056.npy,0,0.050461,0.027451,0.239216,0.827451,0.050007,5.431024,0.006423,0.019113,-1.527002
000057.npy,0,0.000473,0.125490,0.498039,0.894118,0.022720,2.516111,0.000856,0.000578,-1.087680
000058.npy,0,0.000168,0.137255,0.509804,0.901961,0.022654,2.511566,0.000846,0.000625,-1.075858
000059.npy,0,0.000381,0.137255,0.498039,0.898039,0.022440,2.520369,0.000823,0.000536,-1.084135
000060.npy,0,0.024704,0.035294,0.666667,0.901961,0.040131,5.101630,0.002454,0.004752,-1.489271
000061.npy,0,0.000854,0.125490,0.470588,0.635294,0.020488,4.036576,0.000739,0.001072,-1.289969
000062.npy,0,0.000488,0.129412,0.458824,0.627451,0.020731,4.177642,0.000709,0.001078,-1.279202
000063.npy,0,0.000092,0.160784,0.505882,0.662745,0.019704,4.303544,0.000642,0.001153,-1.294384
000064.npy,0,0.003342,0.086275,0.941176,0.968627,0.027258,8.668526,0.000033,0.005570,-1.539965
000065.npy,0,0.014633,0.035294,0.380392,0.833922,0.036041,4.903917,0.002254,0.003862,-1.365558
000066.npy,0,0.018600,0.027451,0.380392,0.835294,0.036425,4.903053,0.002368,0.004285,-1.366759
000067.npy,0,0.000687,0.121569,0.427451,0.937255,0.044535,5.089886,0.003370,0.006166,-1.338710
000068.npy,0,0.012238,0.043137,0.619608,0.874510,0.031862,6.716922,0.001178,0.003279,-1.475606
000069.npy,0,0.319580,0.003922,0.125490,0.623529,0.022588,6.696157,0.000785,0.004236,-1.698583
000070.npy,0,0.304169,0.003922,0.125490,0.627451,0.023620,6.775047,0.000944,0.004263,-1.665317
000071.npy,0,0.319366,0.003922,0.125490,0.623529,0.022544,6.725793,0.000784,0.004231,-1.700130
000072.npy,0,0.182358,0.019608,0.337255,0.847059,0.055387,4.786402,0.005052,0.015245,-1.442747
000073.npy,0,0.120041,0.007843,0.611765,0.862745,0.056624,4.493557,0.005074,0.007697,-1.425163
000074.npy,0,0.112762,0.007843,0.615686,0.866667,0.059408,4.528366,0.005139,0.011144,-1.436621
000075.npy,0,0.112793,0.007843,0.611765,0.862745,0.059329,4.526116,0.005233,0.010824,-1.430750
000076.npy,0,0.037811,0.027451,0.270588,0.807843,0.020854,5.642218,0.000413,0.003296,-1.652963
000077.npy,0,0.026184,0.039216,0.129412,0.654902,0.019975,4.377863,0.000489,0.000782,-1.359275
000078.npy,0,0.004379,0.058824,0.196078,0.607843,0.029352,2.819210,0.001246,0.001526,-1.194048
000079.npy,0,0.025955,0.039216,0.133333,0.482353,0.019436,3.353486,0.000551,0.000787,-1.292522
000080.npy,0,0.003052,0.101961,0.650980,0.784314,0.032899,9.536644,0.000015,0.007703,-1.175931
000081.npy,0,0.205490,0.007843,0.152941,0.894118,0.039056,6.651463,0.002118,0.006455,-1.209514
000082.npy,0,0.243973,0.007843,0.141176,0.894118,0.037801,6.634763,0.001894,0.005754,-1.200641
000083.npy,0,0.260025,0.003922,0.137255,0.894118,0.037344,6.637722,0.001756,0.005342,-1.196729
000084.npy,0,0.010727,0.047059,0.305882,0.800000,0.065273,4.828818,0.006327,0.009974,-0.947851
000085.npy,1,0.000900,0.090196,0.764706,0.945098,0.081919,4.691176,0.016358,0.042275,-1.110644
000086.npy,1,0.001251,0.082353,0.533333,0.968627,0.105533,3.863359,0.027509,0.042158,-1.071716
000087.npy,1,0.000290,0.101961,0.627451,0.968627,0.096453,4.114704,0.022736,0.042674,-1.079705
000088.npy,0,0.120071,0.019608,0.792157,0.921569,0.008532,10.012489,0.000055,0.000071,-1.715086
000089.npy,0,0.001740,0.109804,0.466667,0.869216,0.028222,3.926485,0.002289,0.004524,-1.668363
000090.npy,0,0.001526,0.125490,0.478431,0.877059,0.028576,3.915068,0.002061,0.004310,-1.646433
000091.npy,0,0.001068,0.133333,0.486275,0.870588,0.028184,3.902226,0.002021,0.004300,-1.658493
000092.npy,0,0.001968,0.078431,0.321569,0.780392,0.048049,3.762313,0.003502,0.005933,-1.231224
000093.npy,0,0.051270,0.027451,0.113725,0.607843,0.015711,6.205119,0.000213,0.000342,-1.384012
000094.npy,0,0.068130,0.027451,0.113725,0.603922,0.018981,5.996830,0.000280,0.000662,-1.381202
000095.npy,0,0.060089,0.027451,0.109804,0.603922,0.015729,6.246473,0.000211,0.000340,-1.383967
000096.npy,1,0.021866,0.015686,0.462745,0.976471,0.093451,4.341793,0.015295,0.022673,-1.144325
000097.npy,0,0.032257,0.015686,0.317647,0.792157,0.035637,3.509255,0.002591,0.004094,-1.299347
000098.npy,0,0.026047,0.019608,0.325490,0.733333,0.034384,3.400609,0.002416,0.003824,-1.281086
000099.npy,0,0.029907,0.015686,0.317647,0.788235,0.035600,3.477914,0.002581,0.004045,-1.297522
000100.npy,0,0.095749,0.019608,0.286275,0.972549,0.018268,7.253382,0.000353,0.001257,-1.424205
000101.npy,0,0.003082,0.082353,0.505882,0.909804,0.016551,2.490696,0.000550,0.000469,-1.299175
000102.npy,0,0.003830,0.082353,0.486275,0.901961,0.017006,2.528696,0.000557,0.000480,-1.325452
000103.npy,0,0.004120,0.082353,0.486275,0.921569,0.017009,2.536170,0.000560,0.000489,-1.297873
000104.npy,0,0.005768,0.058824,0.619608,0.992157,0.036386,6.566276,0.001617,0.009280,-1.617279
000105.npy,0,0.132233,0.011765,0.219608,0.980392,0.023765,5.034950,0.000906,0.005956,-1.810573
000106.npy,0,0.192261,0.007843,0.149020,0.886275,0.020544,5.727289,0.000523,0.003227,-1.790600
000107.npy,0,0.164169,0.007843,0.188235,0.976471,0.022783,5.239471,0.000758,0.005543,-1.831096
000108.npy,1,0.060944,0.015686,0.278431,0.823529,0.109270,3.727294,0.023525,0.027954,-0.894193
000109.npy,1,0.116714,0.015686,0.121569,0.937255,0.079944,5.722600,0.008255,0.028658,-1.109051
000110.npy,0,0.182297,0.007843,0.101961,0.839216,0.066743,6.189745,0.003582,0.018989,-1.067390
000111.npy,0,0.190048,0.007843,0.101961,0.819608,0.064539,6.227724,0.003331,0.017812,-1.066440
000112.npy,0,0.017960,0.039216,0.329412,0.784314,0.047487,5.941074,0.003269,0.007409,-1.235405
000113.npy,0,0.000458,0.129412,0.490196,0.788235,0.022547,4.348204,0.000493,0.001001,-1.302202
000114.npy,0,0.000519,0.125490,0.490196,0.780392,0.022932,4.288948,0.000509,0.001023,-1.295019
000115.npy,0,0.000015,0.317647,0.796078,0.909804,0.016272,11.892097,0.000049,0.000342,-1.224593
000116.npy,0,0.000366,0.098039,0.517647,0.807843,0.049021,4.346610,0.003751,0.007723,-1.211058
000117.npy,0,0.000504,0.113725,0.356863,0.705882,0.048198,3.753951,0.003582,0.005306,-1.194017
000118.npy,0,0.000412,0.117647,0.360784,0.709804,0.048075,3.754327,0.003610,0.005339,-1.194031
000119.npy,0,0.000214,0.137255,0.380392,0.686275,0.046366,3.750412,0.003402,0.004698,-1.200633
000120.npy,0,0.039169,0.031373,0.741176,0.945098,0.025465,9.950727,0.000346,0.003195,-1.442992
000121.npy,0,0.429703,0.007843,0.145098,0.831373,0.018142,12.606687,0.000105,0.002942,-1.669127
000122.npy,0,0.402161,0.007843,0.192157,0.850980,0.018968,12.905768,0.000204,0.002290,-1.649373
000123.npy,0,0.404999,0.011765,0.125490,0.854902,0.021197,12.741999,0.000132,0.003811,-1.649697
000124.npy,0,0.012283,0.047059,0.345098,0.945098,0.058439,6.780238,0.003697,0.017794,-1.193682
000125.npy,0,0.039948,0.027451,0.282353,0.843137,0.046508,5.899609,0.003831,0.009794,-1.560612
000126.npy,0,0.044800,0.023529,0.262745,0.847059,0.046335,5.967817,0.003668,0.010930,-1.548760
000127.npy,0,0.047531,0.023529,0.200000,0.854902,0.045452,6.220136,0.003351,0.009546,-1.526564
000128.npy,0,0.001373,0.098039,0.580392,0.913725,0.015914,2.487491,0.000441,0.000275,-1.213297
000129.npy,0,0.004333,0.070588,0.433333,0.803922,0.080553,3.117326,0.012228,0.010326,-1.249176
000130.npy,1,0.003937,0.070588,0.407843,0.792157,0.080675,3.107709,0.012576,0.010712,-1.261286
000131.npy,1,0.004593,0.066667,0.407843,0.796078,0.080312,3.104104,0.012561,0.010933,-1.263359
000132.npy,0,0.000153,0.305882,0.729412,0.850980,0.013752,12.280194,0.000049,0.000162,-1.249571
000133.npy,0,0.000031,0.278431,0.603922,0.862745,0.071029,2.530844,0.007294,0.002953,-0.747095
000134.npy,0,0.000168,0.160784,0.294118,0.411765,0.037157,2.704887,0.001630,0.000675,-0.709676
000135.npy,0,0.000122,0.266667,0.580392,0.847059,0.074376,2.521847,0.007832,0.003517,-0.731808
000136.npy,0,0.042130,0.043137,0.082353,0.823529,0.033491,6.557098,0.001013,0.010119,-1.481481
000137.npy,0,0.358261,0.000000,0.078431,0.443137,0.036261,4.276540,0.001719,0.002809,-1.092452
000138.npy,0,0.359375,0.000000,0.078431,0.447059,0.036057,4.317872,0.001712,0.002716,-1.100831
000139.npy,0,0.402130,0.000000,0.070588,0.435294,0.033710,4.433966,0.001495,0.002267,-1.084029
000140.npy,1,0.015656,0.035294,0.501961,0.866667,0.060370,7.450231,0.009010,0.025881,-1.324711
000141.npy,1,0.018265,0.031373,0.462745,0.929412,0.069943,6.149879,0.014784,0.032207,-1.425000
000142.npy,1,0.012375,0.043137,0.498039,0.933333,0.069294,6.174689,0.014478,0.032588,-1.428431
000143.npy,1,0.014877,0.039216,0.450980,0.937255,0.070276,6.087135,0.015581,0.033136,-1.435094
000144.npy,0,0.000641,0.105882,0.415686,0.752941,0.037730,4.890462,0.001824,0.002478,-1.185452
000145.npy,0,0.001099,0.101961,0.439216,0.886275,0.025088,2.492484,0.000756,0.000210,-0.899565
000146.npy,0,0.000839,0.098039,0.439216,0.882353,0.024996,2.463221,0.000753,0.000211,-0.905077
000147.npy,0,0.000687,0.105882,0.443137,0.882353,0.024815,2.479851,0.000737,0.000213,-0.899242
000148.npy,0,0.001022,0.113725,0.407843,0.850980,0.045260,5.795889,0.001783,0.013085,-1.315454
000149.npy,0,0.000610,0.137255,0.611765,0.933333,0.031653,3.163289,0.001198,0.000939,-1.114036
000150.npy,0,0.000687,0.133333,0.584314,0.929412,0.031177,3.144598,0.001165,0.000935,-1.118114
000151.npy,0,0.000732,0.133333,0.611765,0.929412,0.031583,3.166277,0.001207,0.000953,-1.113882
000152.npy,0,0.037277,0.027451,0.337255,0.717647,0.063175,3.972886,0.006478,0.008537,-0.995973
000153.npy,0,0.001816,0.078431,0.490196,0.858824,0.028126,2.624253,0.001333,0.001331,-1.231837
000154.npy,0,0.003464,0.254902,0.580392,0.894118,0.022480,2.879664,0.000853,0.001002,-1.298260
000155.npy,0,0.003616,0.066667,0.364706,0.866667,0.026055,2.701853,0.001144,0.001237,-1.250732
000156.npy,1,0.155167,0.019608,0.180392,0.917647,0.062023,6.090814,0.009686,0.034004,-1.396045
000157.npy,0,0.295059,0.027451,0.117647,0.611765,0.017512,14.583552,0.000128,0.000987,-1.305970
000158.npy,0,0.300552,0.027451,0.109804,0.592157,0.016321,14.920801,0.000110,0.000804,-1.354950
000159.npy,0,0.305313,0.023529,0.105882,0.592157,0.016394,15.054834,0.000105,0.000768,-1.332893
000160.npy,0,0.028000,0.027451,0.286275,0.788235,0.035594,4.783412,0.003105,0.007175,-1.665449
000161.npy,0,0.012207,0.047059,0.250980,0.780392,0.033317,4.555425,0.002764,0.007740,-1.717476
000162.npy,0,0.022797,0.031373,0.254902,0.839216,0.034180,4.709109,0.002940,0.008629,-1.700883
000163.npy,0,0.024796,0.031373,0.254902,0.800000,0.034103,4.689732,0.002920,0.007912,-1.700936
000164.npy,0,0.000259,0.215686,0.552941,0.843137,0.051758,3.258891,0.005656,0.005844,-1.461428
000165.npy,0,0.000641,0.129412,0.478431,0.839216,0.027674,3.708819,0.001915,0.003888,-1.662902
000166.npy,0,0.000916,0.133333,0.423529,0.819608,0.026408,3.872444,0.001611,0.003288,-1.641624
000167.npy,0,0.001144,0.109804,0.392157,0.690196,0.022892,3.740726,0.001200,0.002720,-1.656359
000168.npy,0,0.010147,0.047059,0.615686,0.968627,0.049263,6.191962,0.005846,0.017279,-1.350547
000169.npy,0,0.000626,0.298039,0.690196,0.929412,0.015823,6.397088,0.000256,0.000192,-1.298216
000170.npy,0,0.000046,0.356863,0.737255,0.949020,0.013440,5.675996,0.000189,0.000168,-1.295338
000171.npy,0,0.002289,0.107255,0.321569,0.768627,0.010113,12.043886,0.000049,0.000067,-1.487478
000172.npy,0,0.001877,0.247059,0.713726,0.870588,0.036669,6.466562,0.001028,0.000352,-0.944053
000173.npy,0,0.000092,0.160784,0.458824,0.866667,0.060300,2.481750,0.004207,0.001067,-0.587834
000174.npy,0,0.000137,0.141176,0.439216,0.843137,0.057871,2.447938,0.003851,0.000938,-0.603664
000175.npy,0,0.000259,0.133333,0.435294,0.841765,0.058433,2.460819,0.003903,0.000946,-0.604952
000176.npy,0,0.025665,0.023529,0.396078,0.717647,0.049770,5.015828,0.005750,0.010418,-1.041056
000177.npy,0,0.000015,0.184314,0.525490,0.843137,0.041311,2.505724,0.002193,0.000604,-0.827174
000178.npy,0,0.000061,0.521569,0.733333,0.925490,0.025061,2.519509,0.000802,0.000222,-0.914360
000179.npy,0,0.000092,0.172549,0.513726,0.890196,0.043456,2.491900,0.002441,0.000692,-0.810575
000180.npy,0,0.403595,0.000000,0.054902,0.909804,0.011199,9.455444,0.000086,0.000093,-1.484424
000181.npy,0,0.186447,0.000000,0.239216,0.807843,0.035539,6.015230,0.001608,0.003049,-1.335498
000182.npy,0,0.205307,0.000000,0.247059,0.819608,0.034913,6.514042,0.001376,0.003234,-1.347950
000183.npy,0,0.189026,0.000000,0.243137,0.827451,0.036872,6.288176,0.001630,0.003475,-1.342077
000184.npy,0,0.001099,0.141176,0.439216,0.988235,0.057535,3.443573,0.006929,0.008361,-1.153877
000185.npy,0,0.182922,0.015686,0.168627,0.662745,0.026057,3.661829,0.001862,0.004043,-1.640358
000186.npy,0,0.174164,0.015686,0.149020,0.670588,0.026076,4.037708,0.001582,0.004042,-1.648926
000187.npy,0,0.184860,0.015686,0.168627,0.658824,0.026026,3.678990,0.001874,0.003995,-1.641025
000188.npy,0,0.005508,0.062745,0.243137,0.815686,0.050134,5.249801,0.003030,0.011050,-1.190010
000189.npy,0,0.050659,0.019608,0.329412,0.894118,0.056668,5.987490,0.004887,0.014618,-1.256777
000190.npy,0,0.057404,0.015686,0.321569,0.882353,0.054116,6.059015,0.004616,0.014424,-1.286086
000191.npy,0,0.046448,0.019608,0.325490,0.892745,0.053578,6.287502,0.003967,0.013247,-1.268076
000192.npy,0,0.000031,0.352941,0.682353,0.886275,0.014063,18.330442,0.000007,0.000005,-0.899777
000193.npy,0,0.197845,0.011765,0.113725,0.874510,0.049046,6.005153,0.003564,0.016511,-1.538230
000194.npy,0,0.175522,0.015686,0.113725,0.869216,0.046166,6.370403,0.002717,0.014683,-1.531835
000195.npy,0,0.178360,0.015686,0.109804,0.866667,0.045098,6.500408,0.002505,0.013829,-1.534829
000196.npy,0,0.000732,0.184314,0.494118,0.780392,0.058631,3.959847,0.005965,0.007984,-1.130955
000197.npy,0,0.000381,0.168627,0.552941,0.811765,0.035981,3.063865,0.003453,0.003892,-1.552691
000198.npy,0,0.000290,0.203922,0.568627,0.811765,0.035556,3.072407,0.003451,0.004166,-1.538708
000199.npy,0,0.000351,0.168627,0.552941,0.807843,0.035705,3.069888,0.003395,0.003879,-1.552589
000200.npy,0,0.000229,0.109804,0.458824,0.756863,0.041795,2.695426,0.002042,0.001121,-0.771208
000201.npy,0,0.075226,0.023529,0.705882,0.945098,0.018288,2.902868,0.000531,0.000307,-1.062917
000202.npy,0,0.077728,0.019608,0.713726,0.913725,0.016684,2.938189,0.000429,0.000293,-1.056536
000203.npy,0,0.078613,0.019608,0.698039,0.917647,0.017535,2.915980,0.000492,0.000299,-1.062773
000204.npy,0,0.013611,0.039216,0.431373,0.976471,0.035757,9.647197,0.000012,0.009795,-1.176915
000205.npy,1,0.016632,0.023529,0.419608,0.827451,0.066310,4.708007,0.011792,0.020992,-1.130457
000206.npy,1,0.033417,0.015686,0.392157,0.835294,0.079827,4.096970,0.015344,0.018859,-1.064255
000207.npy,1,0.036880,0.015686,0.364706,0.843137,0.075414,4.320486,0.014237,0.020245,-1.095777
000208.npy,0,0.001266,0.090196,0.509804,0.862745,0.019632,2.596784,0.000656,0.000501,-1.230519
000209.npy,0,0.001617,0.090196,0.482353,0.862745,0.016270,2.897375,0.000427,0.000362,-1.333189
000210.npy,0,0.001633,0.086275,0.466667,0.854902,0.016820,2.916648,0.000454,0.000386,-1.333645
000211.npy,0,0.003052,0.074510,0.415686,0.827451,0.020816,3.015733,0.000712,0.000604,-1.339796
000212.npy,0,0.084625,0.035294,0.164706,0.976471,0.021322,12.158056,0.000374,0.001738,-1.473370
000213.npy,0,0.202850,0.007843,0.333333,0.622157,0.009052,6.644447,0.000044,0.000485,-1.743606
000214.npy,0,0.118286,0.011765,0.529412,0.631373,0.009094,5.963688,0.000064,0.000135,-1.658758
000215.npy,0,0.136566,0.007843,0.384314,0.698039,0.008502,7.823870,0.000038,0.000281,-1.739059
000216.npy,0,0.141571,0.015686,0.117647,0.537255,0.034313,5.585453,0.002041,0.003723,-1.294686
000217.npy,0,0.002869,0.066667,0.258824,0.972549,0.030616,5.119326,0.001557,0.002712,-1.554546
000218.npy,0,0.006180,0.058824,0.313726,0.972549,0.024596,6.351394,0.000775,0.002364,-1.559758
000219.npy,0,0.005157,0.062745,0.356863,0.976471,0.023684,6.563488,0.000671,0.002192,-1.560581
000220.npy,0,0.001694,0.078431,0.294118,0.521569,0.015889,2.816821,0.000341,0.000281,-1.249477
000221.npy,0,0.015976,0.043137,0.317647,0.960784,0.054697,6.165994,0.004239,0.016992,-1.263817
000222.npy,0,0.022919,0.031373,0.290196,0.956863,0.049643,6.006321,0.003211,0.011810,-1.274924
000223.npy,1,0.016541,0.039216,0.411765,0.984314,0.073555,5.526348,0.013539,0.041718,-1.270276
000224.npy,0,0.009171,0.050980,0.474510,0.713726,0.051170,4.614348,0.002402,0.004452,-1.022404
000225.npy,0,0.000107,0.094118,0.227451,0.560784,0.043536,2.821663,0.002329,0.001086,-0.824820
000226.npy,0,0.000443,0.113725,0.270588,0.666667,0.051674,2.630180,0.003345,0.001508,-0.808184
000227.npy,0,0.000076,0.113725,0.262745,0.643137,0.047307,2.632854,0.002798,0.001217,-0.821820
000228.npy,1,0.225967,0.000000,0.200000,0.976471,0.143638,4.010158,0.038147,0.046821,-0.961557
000229.npy,1,0.003113,0.105882,0.560784,0.972549,0.105011,3.331111,0.021573,0.023382,-1.174211
000230.npy,1,0.001404,0.121569,0.576471,0.976471,0.102155,3.358163,0.020238,0.022593,-1.171785
000231.npy,1,0.002289,0.117647,0.580392,0.976471,0.096774,3.396105,0.018306,0.021274,-1.204805
000232.npy,1,0.002274,0.070588,0.141176,0.721569,0.068963,4.887156,0.006163,0.020425,-0.840827
000233.npy,0,0.000687,0.086275,0.160784,0.650980,0.059290,4.891115,0.003772,0.011187,-0.811553
000234.npy,0,0.000519,0.090196,0.164706,0.654902,0.057351,5.065386,0.003570,0.009302,-0.818378
000235.npy,0,0.000702,0.086275,0.160784,0.635294,0.058824,4.863369,0.004264,0.010551,-0.818430
000236.npy,0,0.031250,0.031373,0.454902,0.964706,0.028992,6.151461,0.000954,0.004843,-1.461892
000237.npy,0,0.010254,0.047059,0.400000,0.745098,0.051902,3.416220,0.005661,0.006783,-1.465918
000238.npy,0,0.007523,0.054902,0.427451,0.784314,0.046640,3.495430,0.004803,0.005653,-1.513098
000239.npy,0,0.006149,0.062745,0.466667,0.796078,0.044393,3.343712,0.004353,0.005455,-1.535704
000240.npy,0,0.016510,0.043137,0.309804,0.898039,0.050406,7.359580,0.000602,0.023815,-1.155675
000241.npy,0,0.001404,0.452353,0.945098,0.976471,0.006966,11.554535,0.000009,0.000008,-1.745046
000242.npy,0,0.002838,0.368627,0.949020,0.980392,0.007884,10.877391,0.000010,0.000050,-1.769589
000243.npy,0,0.001404,0.454902,0.949020,0.976471,0.006949,11.606832,0.000009,0.000008,-1.745356
000244.npy,1,0.069351,0.015686,0.337255,0.996078,0.104856,3.353449,0.023269,0.022987,-1.058861
000245.npy,0,0.001266,0.141176,0.756863,0.850980,0.016627,17.521099,0.000034,0.000011,-1.108724
000246.npy,0,0.002686,0.091569,0.713726,0.803922,0.023881,12.913100,0.000029,0.000012,-1.102246
000247.npy,0,0.001831,0.113725,0.729412,0.819608,0.020412,14.780412,0.000031,0.000012,-1.100063
000248.npy,0,0.007492,0.050980,0.270588,0.929412,0.026462,8.548003,0.000351,0.002327,-1.268227
000249.npy,0,0.404327,0.000000,0.066667,0.698039,0.066321,4.913662,0.005014,0.020560,-0.967305
000250.npy,1,0.277298,0.000000,0.109804,0.733333,0.081600,4.118101,0.012131,0.022529,-0.941696
000251.npy,0,0.404449,0.000000,0.066667,0.698039,0.066282,4.915481,0.004998,0.020596,-0.967251
000252.npy,0,0.003021,0.086275,0.674510,0.968627,0.026931,6.220595,0.001340,0.004324,-1.547585
000253.npy,0,0.000458,0.200000,0.862745,0.984314,0.015807,11.461010,0.000064,0.000697,-1.416452
000254.npy,0,0.001450,0.164706,0.749020,0.968627,0.021666,8.331938,0.000290,0.002269,-1.471137
000255.npy,0,0.000122,0.219608,0.862745,0.988235,0.015436,11.582138,0.000063,0.000647,-1.366660
000256.npy,0,0.000031,0.290196,0.917647,0.996078,0.044602,7.689314,0.003971,0.018996,-1.240781
000257.npy,1,0.005264,0.058824,0.447059,0.988235,0.093895,4.752151,0.017965,0.028054,-1.137261
000258.npy,1,0.005386,0.058824,0.447059,0.988235,0.093939,4.760124,0.017985,0.028152,-1.137411
000259.npy,1,0.005569,0.058824,0.368627,0.988235,0.091560,4.874097,0.018085,0.029498,-1.115987
000260.npy,0,0.014740,0.043137,0.219608,0.631373,0.053451,4.674270,0.004499,0.006625,-1.036097
000261.npy,0,0.075729,0.007843,0.200000,0.873137,0.028562,7.535835,0.000654,0.003097,-1.376102
000262.npy,0,0.097107,0.007843,0.160784,0.878431,0.033588,6.814233,0.001164,0.004743,-1.368379
000263.npy,0,0.093857,0.007843,0.168627,0.874510,0.031784,7.038029,0.000880,0.004216,-1.358638
000264.npy,1,0.007202,0.050980,0.423529,0.901961,0.064509,4.133470,0.010744,0.015802,-1.203308
000265.npy,0,0.031570,0.023529,0.215686,0.690196,0.017122,9.360083,0.000164,0.000261,-1.483585
000266.npy,0,0.034302,0.019608,0.211765,0.682353,0.017154,9.418521,0.000166,0.000284,-1.494537
000267.npy,0,0.022354,0.031373,0.200000,0.690196,0.017626,9.100106,0.000150,0.000332,-1.532624
000268.npy,0,0.001129,0.117647,0.517647,0.917647,0.012052,6.021703,0.000223,0.000643,-1.543306
000269.npy,0,0.001511,0.066667,0.086275,0.560784,0.030140,8.525949,0.000306,0.003780,-0.918780
000270.npy,0,0.001572,0.062745,0.082353,0.549020,0.030745,8.175821,0.000342,0.004119,-0.922949
000271.npy,0,0.001068,0.066667,0.086275,0.559412,0.029860,8.481854,0.000297,0.003547,-0.926129
000272.npy,1,0.002029,0.098039,0.560784,0.996078,0.085415,5.336768,0.024494,0.054823,-1.181541
000273.npy,0,0.000229,0.149020,0.470588,0.796078,0.050565,2.466270,0.003035,0.000936,-0.699167
000274.npy,0,0.000320,0.129412,0.470588,0.831373,0.052088,2.485614,0.003168,0.000937,-0.701339
000275.npy,0,0.000244,0.149020,0.470588,0.800000,0.050892,2.475002,0.003058,0.000883,-0.702293
000276.npy,0,0.454529,0.003922,0.062745,0.956863,0.008885,9.288810,0.000022,0.000075,-1.791297
000277.npy,0,0.055542,0.015686,0.156863,0.850980,0.018731,4.311816,0.000861,0.002058,-1.776680
000278.npy,0,0.055634,0.019608,0.180392,0.807843,0.020741,4.338022,0.001083,0.002206,-1.693563
000279.npy,0,0.055252,0.015686,0.160784,0.747647,0.018704,4.333798,0.000852,0.001908,-1.751167
000280.npy,1,0.001999,0.086275,0.580392,0.996078,0.074871,4.404326,0.014950,0.023677,-1.195071
000281.npy,0,0.012634,0.047059,0.427451,0.996078,0.038316,7.780653,0.001620,0.010412,-1.343522
000282.npy,0,0.014648,0.043137,0.392157,0.996078,0.032821,8.849046,0.001289,0.006129,-1.386673
000283.npy,0,0.002151,0.062745,0.325490,0.996078,0.037791,7.836596,0.001507,0.009944,-1.363466
000284.npy,0,0.000229,0.117647,0.415686,0.917647,0.065030,4.349389,0.009184,0.014963,-1.138271
000285.npy,0,0.003204,0.082353,0.149020,0.760784,0.022819,8.601243,0.000299,0.000279,-1.234487
000286.npy,0,0.002975,0.086275,0.156863,0.768627,0.023365,8.568946,0.000309,0.000468,-1.250243
000287.npy,0,0.004761,0.070588,0.152941,0.568627,0.020612,6.147297,0.000305,0.000217,-1.124601
000288.npy,0,0.008606,0.054902,0.513726,0.952941,0.030966,8.668660,0.000875,0.007942,-1.548327
000289.npy,0,0.000473,0.188235,0.396078,0.725490,0.055377,3.181017,0.005460,0.004596,-1.034310
000290.npy,0,0.002289,0.078431,0.309804,0.635294,0.073632,3.072183,0.009406,0.006901,-0.900142
000291.npy,0,0.001846,0.086275,0.313726,0.627451,0.070606,3.107352,0.008388,0.006922,-0.917145
000292.npy,0,0.206650,0.035294,0.062745,0.882353,0.017587,13.142752,0.000046,0.000634,-1.506750
000293.npy,0,0.000107,0.133333,0.509804,0.882353,0.046494,2.474197,0.002547,0.000674,-0.733347
000294.npy,0,0.000336,0.133333,0.490196,0.858824,0.046233,2.448119,0.002498,0.000671,-0.716842
000295.npy,0,0.000320,0.141176,0.517647,0.898039,0.048519,2.470472,0.002784,0.000776,-0.719861
000296.npy,0,0.001266,0.074510,0.156863,0.992157,0.048865,6.377087,0.003432,0.011403,-1.170282
000297.npy,0,0.000137,0.168627,0.364706,0.988235,0.044575,8.758959,0.001797,0.005242,-1.194642
000298.npy,0,0.000137,0.168627,0.368627,0.984314,0.043587,8.778558,0.001762,0.005192,-1.195361
000299.npy,0,0.000137,0.172549,0.364706,0.988235,0.044072,8.892035,0.001684,0.004970,-1.194746
000300.npy,0,0.312073,0.000000,0.078431,0.160784,0.043646,2.134270,0.002229,0.000342,0.022774
000301.npy,0,0.463562,0.000000,0.172549,0.803922,0.028736,8.906773,0.000891,0.007533,-1.475664
000302.npy,0,0.562454,0.000000,0.000000,0.819608,0.021093,11.169194,0.000002,0.003477,-1.481671
000303.npy,0,0.596756,0.000000,0.000000,0.807843,0.019194,12.128389,0.000001,0.002449,-1.482072
000304.npy,0,0.039703,0.019608,0.266667,0.866667,0.036699,5.878543,0.002211,0.006300,-1.471086
000305.npy,0,0.012421,0.043137,0.462745,0.847059,0.031267,4.845265,0.001605,0.001961,-1.442890
000306.npy,0,0.014511,0.039216,0.505882,0.850980,0.032394,5.228280,0.001785,0.002367,-1.451464
000307.npy,0,0.014313,0.039216,0.505882,0.850980,0.032403,5.230529,0.001786,0.002369,-1.451548
000308.npy,0,0.002289,0.101961,0.258824,0.976471,0.014171,6.370968,0.000197,0.001423,-1.815249
000309.npy,0,0.002014,0.176471,0.407843,0.650980,0.043129,3.351987,0.003251,0.003155,-1.266429
000310.npy,0,0.001938,0.176471,0.407843,0.650980,0.042904,3.341248,0.003208,0.003140,-1.267035
000311.npy,0,0.001968,0.176471,0.407843,0.650980,0.042846,3.341089,0.003232,0.003113,-1.263061
000312.npy,1,0.023773,0.039216,0.349020,0.788235,0.092494,3.039878,0.016629,0.012706,-1.174165
000313.npy,0,0.006165,0.062745,0.478431,0.952941,0.010871,2.550725,0.000191,0.000089,-1.336257
000314.npy,0,0.003784,0.074510,0.525490,0.949020,0.012155,2.601053,0.000228,0.000101,-1.288102
000315.npy,0,0.004211,0.074510,0.545098,0.976471,0.010932,2.586898,0.000206,0.000123,-1.325018
000316.npy,0,0.000168,0.474510,0.494118,0.529412,0.005742,17.593304,0.000017,0.000006,-0.899032
000317.npy,0,0.001740,0.188235,0.439216,0.909804,0.034605,6.528352,0.003308,0.008618,-1.062898
000318.npy,0,0.009964,0.050980,0.415686,0.905882,0.038457,6.684365,0.003114,0.008713,-1.154234
000319.npy,0,0.010880,0.047059,0.419608,0.905882,0.042163,6.442781,0.004399,0.010435,-1.154894
000320.npy,1,0.005981,0.062745,0.541176,0.890196,0.080648,3.285830,0.010564,0.009800,-1.104023
000321.npy,0,0.063049,0.023529,0.188235,0.976471,0.033409,5.124479,0.001896,0.005984,-1.470444
000322.npy,0,0.049652,0.027451,0.243137,0.976471,0.037656,4.751640,0.002768,0.007948,-1.456156
000323.npy,0,0.053467,0.023529,0.219608,0.976471,0.035431,4.933042,0.002488,0.007065,-1.470878
000324.npy,0,0.059555,0.019608,0.396078,0.968627,0.049676,7.039951,0.004375,0.013250,-1.400968
000325.npy,0,0.451370,0.019608,0.066667,0.768627,0.020206,9.423803,0.000215,0.001984,-1.428458
000326.npy,0,0.455658,0.019608,0.062745,0.768627,0.022098,8.820646,0.000297,0.002552,-1.382707
000327.npy,0,0.462265,0.019608,0.062745,0.772549,0.022207,8.829106,0.000303,0.002578,-1.382464
000328.npy,0,0.000565,0.105882,0.639216,0.913725,0.019430,2.563964,0.000561,0.000381,-1.150560
000329.npy,0,0.011124,0.047059,0.176471,0.741176,0.041715,5.195888,0.001942,0.004414,-1.347762
000330.npy,0,0.010864,0.047059,0.176471,0.741176,0.041609,5.184476,0.001947,0.004392,-1.347887
000331.npy,0,0.011368,0.047059,0.176471,0.717647,0.040625,5.224235,0.001974,0.003866,-1.336685
000332.npy,0,0.190231,0.019608,0.129412,0.862745,0.020698,6.102036,0.000407,0.003339,-1.823257
000333.npy,0,0.053162,0.007843,0.266667,0.658824,0.047091,4.806455,0.004136,0.007231,-1.311685
000334.npy,0,0.050980,0.011765,0.274510,0.654902,0.047733,4.652659,0.004097,0.006554,-1.300736
000335.npy,0,0.050797,0.011765,0.274510,0.654902,0.047860,4.647589,0.004102,0.006632,-1.300835
000336.npy,0,0.049316,0.019608,0.450980,0.819608,0.035794,3.478796,0.004183,0.007910,-1.765194
000337.npy,0,0.074188,0.015686,0.176471,0.494118,0.012176,4.737848,0.000324,0.000795,-1.619659
000338.npy,0,0.047150,0.019608,0.254902,0.678431,0.016661,4.591238,0.000667,0.001371,-1.620155
000339.npy,0,0.029709,0.023529,0.258824,0.619608,0.015887,4.637765,0.000599,0.001265,-1.614513
000340.npy,0,0.095123,0.019608,0.537255,0.760784,0.024770,5.931048,0.000538,0.001487,-1.281376
000341.npy,0,0.000809,0.078431,0.607843,0.992157,0.023106,3.832164,0.001351,0.003020,-1.607400
000342.npy,0,0.001297,0.090196,0.619608,0.992157,0.022726,3.627813,0.001391,0.002780,-1.621367
000343.npy,0,0.002396,0.070588,0.615686,0.992157,0.022728,3.742710,0.001353,0.002928,-1.629428
000344.npy,0,0.144852,0.027451,0.392157,0.996078,0.031467,6.142223,0.001894,0.004340,-1.464630
000345.npy,0,0.158600,0.011765,0.266667,0.960784,0.030091,5.754613,0.001419,0.004459,-1.404374
000346.npy,0,0.100204,0.031373,0.227451,0.937255,0.027833,6.387544,0.001008,0.003991,-1.445946
000347.npy,0,0.107498,0.031373,0.227451,0.937255,0.027881,6.395027,0.001012,0.003989,-1.446049
000348.npy,0,0.212524,0.000000,0.215686,0.901961,0.028294,8.593866,0.000577,0.005636,-1.396831
000349.npy,0,0.114456,0.000000,0.223529,0.835294,0.043911,5.723455,0.003037,0.005213,-1.436217
000350.npy,0,0.098221,0.000000,0.215686,0.807843,0.043401,5.592861,0.002787,0.004457,-1.421251
000351.npy,0,0.103653,0.000000,0.227451,0.815686,0.050423,5.047783,0.004026,0.005757,-1.400120
000352.npy,1,0.050980,0.007843,0.498039,0.988235,0.262083,2.122453,0.081605,0.013123,0.016100
000353.npy,1,0.096802,0.003922,0.266667,0.525490,0.140398,2.117302,0.023286,0.003604,0.029968
000354.npy,1,0.084366,0.003922,0.298039,0.596078,0.158848,2.120956,0.029900,0.004522,-0.034531
000355.npy,1,0.081299,0.003922,0.309804,0.611765,0.162869,2.122552,0.031442,0.004757,-0.007406
000356.npy,0,0.018570,0.031373,0.349020,0.843137,0.047281,6.100272,0.002163,0.012655,-1.298213
000357.npy,0,0.002975,0.078431,0.196078,0.743726,0.033076,6.546337,0.001222,0.002072,-1.294507
000358.npy,0,0.004044,0.066667,0.203922,0.745098,0.040733,5.684443,0.001757,0.005361,-1.231936
000359.npy,0,0.003403,0.074510,0.200000,0.741176,0.036700,6.185905,0.001399,0.003463,-1.267526
000360.npy,0,0.001938,0.074510,0.494118,0.898039,0.064745,5.810953,0.006945,0.017883,-1.204287
000361.npy,0,0.000092,0.129412,0.176471,0.266667,0.012274,7.218845,0.000071,0.000086,-0.523453
000362.npy,0,0.000153,0.164706,0.243137,0.403922,0.020355,6.763670,0.000134,0.000844,-0.578900
000363.npy,0,0.000198,0.117647,0.188235,0.372549,0.021966,6.080437,0.000101,0.001689,-0.694431
000364.npy,0,0.001587,0.098039,0.482353,0.992157,0.031323,9.512065,0.000439,0.003444,-0.967033
000365.npy,0,0.165665,0.000000,0.090196,0.686275,0.029019,8.231340,0.000446,0.003545,-1.197492
000366.npy,0,0.159729,0.000000,0.094118,0.709804,0.028785,8.286834,0.000410,0.003517,-1.198467
000367.npy,0,0.165634,0.000000,0.090196,0.686275,0.028990,8.253438,0.000414,0.003551,-1.196214
000368.npy,0,0.002869,0.101961,0.345098,0.768627,0.029538,4.314833,0.001778,0.002571,-1.348431
000369.npy,0,0.000198,0.188235,0.509804,0.776471,0.054260,3.236332,0.005650,0.004853,-1.178697
000370.npy,0,0.000305,0.176471,0.505882,0.815686,0.065978,3.156586,0.008360,0.007003,-1.164081
000371.npy,0,0.000198,0.176471,0.498039,0.792157,0.059127,3.206310,0.006631,0.005101,-1.148898
000372.npy,0,0.003372,0.078431,0.478431,0.866667,0.024597,2.739504,0.000776,0.000645,-1.164627
000373.npy,1,0.000244,0.129412,0.447059,0.764706,0.084086,2.867709,0.012495,0.009028,-0.888905
000374.npy,1,0.000366,0.125490,0.450980,0.768627,0.084531,2.857938,0.012974,0.008069,-0.885057
000375.npy,1,0.000397,0.121569,0.427451,0.760784,0.083226,2.877557,0.012472,0.008809,-0.888794
000376.npy,0,0.000702,0.149020,0.776471,0.890196,0.065277,4.312825,0.005121,0.014169,-0.968027
000377.npy,1,0.000732,0.145098,0.745098,0.941176,0.075007,4.069266,0.014420,0.022954,-1.017179
000378.npy,1,0.000961,0.121569,0.698039,0.945098,0.073824,3.995548,0.013410,0.021250,-1.010119
000379.npy,1,0.000687,0.149020,0.796078,0.941176,0.070537,4.286061,0.012953,0.022854,-1.020606
000380.npy,0,0.056534,0.043137,0.117647,0.917647,0.032530,8.068964,0.000812,0.004103,-1.368227
000381.npy,0,0.000504,0.149020,0.454902,0.749020,0.044273,3.010275,0.002410,0.001378,-0.888503
000382.npy,0,0.001465,0.137255,0.415686,0.701961,0.046060,3.069787,0.002548,0.001556,-0.873293
000383.npy,0,0.000366,0.164706,0.509804,0.792157,0.045027,2.767040,0.002630,0.001365,-0.903423
000384.npy,0,0.231827,0.007843,0.098039,0.964706,0.014826,14.409122,0.000068,0.000350,-1.541459
000385.npy,0,0.024460,0.015686,0.305882,0.745098,0.071648,2.902229,0.007142,0.006550,-0.753229
000386.npy,0,0.029800,0.015686,0.282353,0.713726,0.068605,2.800910,0.006474,0.005857,-0.720531
000387.npy,0,0.026825,0.015686,0.301961,0.752941,0.073129,2.864425,0.007420,0.006823,-0.726141
000388.npy,0,0.006134,0.054902,0.501961,0.901961,0.036801,5.016054,0.002327,0.006491,-1.402241
000389.npy,0,0.028275,0.035294,0.152941,0.533333,0.025761,4.697197,0.000802,0.002382,-1.316479
000390.npy,0,0.406799,0.011765,0.058824,0.329412,0.012674,13.599839,0.000105,0.000332,-1.161447
000391.npy,0,0.200043,0.019608,0.098039,0.469216,0.015559,5.424910,0.000245,0.000769,-1.367082
000392.npy,0,0.098587,0.015686,0.286275,0.784314,0.022991,7.572054,0.000476,0.002044,-1.590137
000393.npy,0,0.000107,0.152941,0.545098,0.862745,0.019702,2.488082,0.000713,0.000625,-1.234504
000394.npy,0,0.000397,0.172549,0.576471,0.882353,0.018891,2.495380,0.000662,0.000583,-1.251317
000395.npy,0,0.001526,0.117647,0.670588,0.917647,0.013262,2.582060,0.000306,0.000315,-1.302082
000396.npy,0,0.005096,0.066667,0.352941,0.713726,0.061567,3.409364,0.006960,0.006613,-1.176190
000397.npy,0,0.000015,0.615686,0.901961,0.996078,0.044119,3.009097,0.001722,0.002307,-0.782490
000398.npy,0,0.000092,0.466667,0.858824,0.996078,0.065249,2.989884,0.003844,0.004491,-0.724288
000399.npy,0,0.000214,0.333333,0.839216,0.996078,0.075742,3.007493,0.005509,0.003073,-0.731579
000400.npy,0,0.005692,0.054902,0.513726,0.956863,0.017393,8.145200,0.000120,0.000771,-1.775795
000401.npy,0,0.000061,0.396078,0.666667,0.870588,0.017761,3.797035,0.000666,0.001152,-1.494258
000402.npy,0,0.000061,0.392157,0.800000,0.913725,0.018235,9.322976,0.000233,0.000727,-1.253788
000403.npy,0,0.000107,0.447059,0.800000,0.917647,0.014612,9.528638,0.000185,0.000434,-1.304383
000404.npy,0,0.097122,0.000000,0.411765,0.772549,0.066209,3.959426,0.007031,0.007674,-1.042179
000405.npy,1,0.093445,0.003922,0.266667,0.529412,0.141142,2.122720,0.023661,0.003627,-0.021785
000406.npy,1,0.100403,0.003922,0.254902,0.505882,0.135523,2.114155,0.021794,0.003192,0.011281
000407.npy,1,0.083450,0.003922,0.298039,0.592157,0.156740,2.114599,0.029162,0.004494,0.024872
000408.npy,0,0.007568,0.050980,0.443137,0.705882,0.027129,8.047421,0.000313,0.002798,-1.398635
000409.npy,0,0.010727,0.047059,0.607843,0.901961,0.013022,2.768261,0.000280,0.000336,-1.373464
000410.npy,0,0.023956,0.035294,0.592157,0.894118,0.012933,2.745792,0.000273,0.000321,-1.374527
000411.npy,0,0.015305,0.043137,0.607843,0.894118,0.013049,2.770754,0.000281,0.000352,-1.378558
000412.npy,0,0.000107,0.129412,0.545098,0.941176,0.021071,3.128068,0.000729,0.000842,-1.298688
000413.npy,1,0.002289,0.180392,0.662745,0.901961,0.082417,3.228081,0.010580,0.008927,-0.991991
000414.npy,0,0.002258,0.184314,0.670588,0.909804,0.081098,3.264287,0.010303,0.008249,-1.001870
000415.npy,0,0.002197,0.200000,0.682353,0.909804,0.078786,3.294976,0.009599,0.008886,-0.989691
000416.npy,0,0.052002,0.031373,0.121569,0.960784,0.025689,12.321862,0.000145,0.000827,-1.583807
000417.npy,0,0.000168,0.121569,0.270588,0.839216,0.033624,2.611160,0.001299,0.000467,-0.952964
000418.npy,0,0.000153,0.117647,0.262745,0.831373,0.033710,2.627808,0.001311,0.000512,-0.954613
000419.npy,0,0.000168,0.125490,0.276471,0.847059,0.033766,2.626019,0.001321,0.000489,-0.950607
000420.npy,0,0.001083,0.211765,0.780392,0.894118,0.017319,6.996694,0.000230,0.000507,-1.327550
000421.npy,0,0.000168,0.215686,0.741176,0.949020,0.019665,4.131653,0.000496,0.000785,-1.156348
000422.npy,0,0.000137,0.219608,0.745098,0.952941,0.019566,4.131883,0.000485,0.000735,-1.155474
000423.npy,0,0.000198,0.215686,0.741176,0.952941,0.019748,4.141185,0.000503,0.000776,-1.155461
000424.npy,0,0.065369,0.015686,0.447059,0.960784,0.018200,10.433802,0.000278,0.000700,-1.505813
000425.npy,0,0.781265,0.000000,0.011765,0.556863,0.015534,6.938692,0.000044,0.000349,-1.252842
000426.npy,0,0.633957,0.000000,0.011765,0.670588,0.019879,6.250389,0.000087,0.001420,-1.290853
000427.npy,0,0.683823,0.000000,0.011765,0.549020,0.016951,6.294617,0.000033,0.001082,-1.268677
000428.npy,0,0.066589,0.027451,0.129412,0.839216,0.044992,5.403803,0.002802,0.015154,-1.531039
000429.npy,1,0.028137,0.035294,0.568627,0.949020,0.100916,3.411357,0.031110,0.038614,-1.428511
000430.npy,1,0.016830,0.043137,0.666667,0.964706,0.100430,3.627954,0.034194,0.046208,-1.426077
000431.npy,1,0.024612,0.039216,0.600000,0.956863,0.100038,3.473505,0.030618,0.039906,-1.432708
000432.npy,0,0.095657,0.011765,0.168627,0.847059,0.029200,6.015501,0.001551,0.002666,-1.479456
000433.npy,0,0.020721,0.039216,0.239216,0.607843,0.028763,3.759911,0.001263,0.001727,-1.227468
000434.npy,0,0.025375,0.035294,0.188235,0.552941,0.026229,3.917144,0.001014,0.001600,-1.239997
000435.npy,0,0.017685,0.039216,0.180392,0.549020,0.025203,4.107135,0.000923,0.001472,-1.255206
000436.npy,0,0.198746,0.011765,0.129412,0.537255,0.021823,6.036765,0.000993,0.002736,-1.555652
000437.npy,0,0.095383,0.015686,0.266667,0.694118,0.026486,3.634260,0.002003,0.005016,-1.533626
000438.npy,0,0.116501,0.019608,0.270588,0.678431,0.027709,3.538179,0.002031,0.005612,-1.509122
000439.npy,0,0.125305,0.015686,0.235294,0.600000,0.024318,3.520143,0.001587,0.003957,-1.507783
000440.npy,0,0.026566,0.003922,0.596078,0.996078,0.025887,7.701983,0.000410,0.004165,-1.429185
000441.npy,0,0.017609,0.027451,0.592157,0.980392,0.028378,5.463782,0.001814,0.005971,-1.688158
000442.npy,0,0.007721,0.062745,0.580392,0.960784,0.019689,5.978152,0.000642,0.002561,-1.689230
000443.npy,0,0.015823,0.031373,0.545098,0.850980,0.023163,5.702465,0.001065,0.003930,-1.688434
000444.npy,0,0.010452,0.047059,0.247059,0.733333,0.040815,5.117385,0.002911,0.007304,-1.437513
000445.npy,0,0.001373,0.141176,0.482353,0.901961,0.031451,3.880429,0.002016,0.005786,-1.523766
000446.npy,0,0.001373,0.141176,0.490196,0.898039,0.029175,3.849107,0.001550,0.004631,-1.512932
000447.npy,0,0.001236,0.156863,0.490196,0.886275,0.027781,3.868129,0.001376,0.004396,-1.511398
000448.npy,0,0.000168,0.141176,0.333333,0.866667,0.046181,2.499680,0.002667,0.000892,-0.707606
000449.npy,0,0.034744,0.027451,0.235294,0.760784,0.025129,3.561152,0.001498,0.002674,-1.400117
000450.npy,0,0.038513,0.027451,0.215686,0.682353,0.024612,3.436863,0.001294,0.002867,-1.370581
000451.npy,0,0.037689,0.027451,0.219608,0.682353,0.024764,3.425844,0.001392,0.002794,-1.368186
000452.npy,0,0.037933,0.023529,0.227451,0.843137,0.016257,6.988075,0.000049,0.001695,-1.639882
000453.npy,0,0.000366,0.268039,0.839216,0.945098,0.053311,3.982660,0.003140,0.004431,-1.115964
000454.npy,0,0.000641,0.235294,0.839216,0.945098,0.053712,4.011145,0.003092,0.004445,-1.127820
000455.npy,0,0.000244,0.305882,0.843137,0.949020,0.053074,3.989271,0.003148,0.004232,-1.101991
000456.npy,0,0.003174,0.109804,0.576471,0.960784,0.049452,3.771959,0.003814,0.005280,-1.193447
000457.npy,0,0.001007,0.082353,0.266667,0.996078,0.052557,8.666365,0.002567,0.004664,-1.142181
000458.npy,0,0.001022,0.082353,0.266667,0.996078,0.052592,8.666095,0.002570,0.004683,-1.142067
000459.npy,0,0.000778,0.082353,0.270588,0.996078,0.052068,8.555793,0.002551,0.004807,-1.130670
000460.npy,0,0.015579,0.035294,0.537255,0.941176,0.042983,4.865245,0.004302,0.007603,-1.595819
000461.npy,0,0.008759,0.050980,0.466667,0.972549,0.008603,3.538086,0.000190,0.000498,-1.695159
000462.npy,0,0.009766,0.050980,0.525490,0.976471,0.009081,3.414109,0.000224,0.000591,-1.694291
000463.npy,0,0.032928,0.035294,0.576471,0.976471,0.009754,3.369608,0.000285,0.000698,-1.720210
000464.npy,0,0.023056,0.039216,0.239216,0.898039,0.044031,5.503602,0.002584,0.005797,-1.229714
000465.npy,0,0.000107,0.160784,0.549020,0.886275,0.037755,2.510118,0.001759,0.000484,-0.698028
000466.npy,0,0.000168,0.137255,0.537255,0.890196,0.039392,2.489326,0.001893,0.000567,-0.697947
000467.npy,0,0.000412,0.129412,0.537255,0.898039,0.040060,2.500557,0.001990,0.000589,-0.696579
000468.npy,0,0.000244,0.113725,0.462745,0.917647,0.052429,6.057943,0.006524,0.022724,-1.010687
000469.npy,0,0.013367,0.043137,0.219608,0.854902,0.058801,5.273645,0.003963,0.007120,-1.029951
000470.npy,0,0.014130,0.043137,0.211765,0.839216,0.058857,5.235517,0.003996,0.006658,-1.016050
000471.npy,0,0.012939,0.047059,0.219608,0.878431,0.058851,5.278924,0.003933,0.007001,-1.043914
000472.npy,0,0.014557,0.043137,0.517647,0.929412,0.034752,10.622865,0.001507,0.009473,-1.594408
000473.npy,0,0.021469,0.036667,0.733333,0.854902,0.016566,11.039790,0.000075,0.001791,-1.739524
000474.npy,0,0.008560,0.050980,0.850980,0.956863,0.014220,13.525057,0.000016,0.000686,-1.732745
000475.npy,0,0.007156,0.054902,0.874510,0.952941,0.014229,15.676405,0.000015,0.000383,-1.726482
000476.npy,0,0.174179,0.011765,0.105882,0.639216,0.029059,8.549928,0.000663,0.003710,-1.269457
000477.npy,0,0.000153,0.145098,0.427451,0.843137,0.050214,2.461293,0.003025,0.000850,-0.759646
000478.npy,0,0.000488,0.121569,0.439216,0.835294,0.048949,2.483590,0.002905,0.000796,-0.764459
000479.npy,0,0.000183,0.141176,0.415686,0.835294,0.050911,2.472426,0.003083,0.000865,-0.753221
000480.npy,0,0.061737,0.007843,0.215686,0.631373,0.073695,3.232277,0.009080,0.008528,-1.083046
000481.npy,0,0.030396,0.003922,0.576471,0.878431,0.023837,4.085901,0.000959,0.002356,-1.502884
000482.npy,0,0.058243,0.000000,0.517647,0.898039,0.026544,4.021170,0.001281,0.002875,-1.522779
000483.npy,0,0.030441,0.003922,0.580392,0.870588,0.023894,4.076800,0.000981,0.002443,-1.503089
000484.npy,0,0.001511,0.141176,0.627451,0.854902,0.056728,3.284042,0.006282,0.006854,-1.307907
000485.npy,0,0.001831,0.113725,0.713726,0.964706,0.011201,2.524681,0.000210,0.000164,-1.315318
000486.npy,0,0.001175,0.113725,0.741176,0.968627,0.010629,2.569370,0.000191,0.000158,-1.331694
000487.npy,0,0.001114,0.117647,0.741176,0.968627,0.010706,2.564031,0.000195,0.000157,-1.331754
000488.npy,0,0.254623,0.011765,0.105882,0.600000,0.041828,6.001938,0.002921,0.007805,-1.196897
000489.npy,0,0.046387,0.015686,0.396078,0.741176,0.053442,4.233154,0.007109,0.008932,-1.386734
000490.npy,0,0.032745,0.019608,0.419608,0.803922,0.056481,4.269010,0.007529,0.009651,-1.342633
000491.npy,0,0.032913,0.019608,0.415686,0.796078,0.056231,4.254787,0.007778,0.009399,-1.344319
000492.npy,0,0.005707,0.058824,0.168627,0.866667,0.054459,5.735067,0.003266,0.015756,-1.175414
000493.npy,0,0.000748,0.121569,0.392157,0.666667,0.044489,2.532778,0.002333,0.000748,-0.702947
000494.npy,0,0.000046,0.176471,0.498039,0.835294,0.055985,2.516226,0.003731,0.001111,-0.699237
000495.npy,0,0.000153,0.176471,0.513726,0.831373,0.055026,2.508120,0.003615,0.001081,-0.684714
000496.npy,1,0.003357,0.094118,0.792157,0.976471,0.103096,5.004550,0.023849,0.050520,-0.925291
000497.npy,0,0.015869,0.043137,0.270588,0.686275,0.059257,4.543679,0.006084,0.009515,-1.070450
000498.npy,0,0.012222,0.047059,0.313726,0.705882,0.062130,4.623471,0.006900,0.012516,-1.083804
000499.npy,0,0.021042,0.043137,0.250980,0.670588,0.058626,4.385048,0.005492,0.007112,-1.035752
000500.npy,0,0.001068,0.266667,0.619608,0.929412,0.042266,3.883928,0.003234,0.004625,-1.242583
000501.npy,0,0.001328,0.235294,0.552941,0.886275,0.038112,4.566968,0.002673,0.004854,-1.364777
000502.npy,0,0.001328,0.236667,0.572549,0.886275,0.038762,4.604020,0.002818,0.005077,-1.347413
000503.npy,0,0.001328,0.231373,0.549020,0.882353,0.039137,4.659488,0.002685,0.004715,-1.348732
000504.npy,0,0.071350,0.003922,0.337255,0.890196,0.039556,7.883093,0.001971,0.011493,-1.384603
000505.npy,1,0.085464,0.003922,0.231373,0.933333,0.072688,5.145330,0.011548,0.027466,-1.281884
000506.npy,1,0.083725,0.003922,0.235294,0.941176,0.076077,4.983078,0.013138,0.029081,-1.263537
000507.npy,1,0.084427,0.003922,0.235294,0.937255,0.075499,5.011857,0.013421,0.028294,-1.265909
000508.npy,0,0.000259,0.168627,0.905882,0.968627,0.008299,19.231779,0.000012,0.000005,-1.383410
000509.npy,0,0.028214,0.031373,0.188235,0.674510,0.069088,3.772085,0.005896,0.009815,-0.910160
000510.npy,0,0.021744,0.035294,0.188235,0.549020,0.058202,3.846873,0.004332,0.006887,-0.896994
000511.npy,0,0.018723,0.039216,0.188235,0.568627,0.057750,3.993459,0.003946,0.006809,-0.918789
000512.npy,0,0.000351,0.282353,0.870588,0.913725,0.018700,10.963911,0.000019,0.001490,-1.159584
000513.npy,1,0.021759,0.011765,0.666667,0.941176,0.119853,3.222853,0.031282,0.042120,-0.990160
000514.npy,1,0.026169,0.011765,0.670588,0.941176,0.113675,3.352665,0.025583,0.036243,-0.980880
000515.npy,1,0.018677,0.011765,0.713726,0.941176,0.115798,3.318877,0.027208,0.039898,-0.974624
000516.npy,0,0.000793,0.325490,0.792157,0.909804,0.037079,4.976201,0.001448,0.003805,-1.104400
000517.npy,0,0.024445,0.000000,0.772549,0.941176,0.046869,6.722252,0.002067,0.006386,-1.259043
000518.npy,0,0.002228,0.164706,0.780392,0.945098,0.045024,5.942237,0.001903,0.004962,-1.199491
000519.npy,0,0.018250,0.000000,0.780392,0.941176,0.045836,6.689782,0.001900,0.005725,-1.237436
000520.npy,0,0.006607,0.082353,0.576471,0.956863,0.056188,6.170530,0.003452,0.010033,-1.143609
000521.npy,0,0.003494,0.066667,0.537255,0.898039,0.017907,2.971174,0.000582,0.000479,-1.266151
000522.npy,0,0.004028,0.062745,0.525490,0.913725,0.018438,2.941317,0.000624,0.000563,-1.266272
000523.npy,0,0.003357,0.066667,0.521569,0.909804,0.018669,2.942662,0.000644,0.000593,-1.258289
000524.npy,1,0.004211,0.070588,0.443137,0.925490,0.088330,4.130631,0.017978,0.033816,-1.083901
000525.npy,0,0.001007,0.105882,0.380392,0.878431,0.022269,2.677955,0.000696,0.000433,-1.163355
000526.npy,0,0.000015,0.305882,0.584314,0.901961,0.022910,2.674680,0.000714,0.000453,-1.106213
000527.npy,0,0.000015,0.294118,0.564706,0.894118,0.022432,2.675619,0.000678,0.000444,-1.106166
000528.npy,0,0.000214,0.145098,0.180392,0.227451,0.011015,2.693704,0.000112,0.000040,-0.782420
000529.npy,0,0.013809,0.043137,0.666667,0.843137,0.040839,7.406880,0.000502,0.012101,-1.100026
000530.npy,0,0.014572,0.039216,0.654902,0.831373,0.042482,7.087464,0.001397,0.010950,-1.123154
000531.npy,0,0.004730,0.070588,0.588235,0.858824,0.050618,6.120999,0.002877,0.015333,-1.053172
000532.npy,0,0.001038,0.101961,0.427451,0.768627,0.039754,6.490302,0.001150,0.013555,-1.107927
000533.npy,0,0.002670,0.101961,0.450980,0.882353,0.054149,4.580737,0.006281,0.012315,-1.206044
000534.npy,0,0.003494,0.082353,0.431373,0.843137,0.059616,4.619755,0.007593,0.013609,-1.190001
000535.npy,0,0.002823,0.090196,0.427451,0.835294,0.058496,4.594205,0.007961,0.014573,-1.200637
000536.npy,0,0.015778,0.039216,0.243137,0.937255,0.017592,4.984570,0.000744,0.001627,-1.717548
000537.npy,0,0.004578,0.066667,0.388235,0.827451,0.017700,3.628660,0.000898,0.001739,-1.627838
000538.npy,0,0.004272,0.070588,0.400000,0.819608,0.017798,3.305114,0.000943,0.001773,-1.600348
000539.npy,0,0.003738,0.070588,0.392157,0.831373,0.017800,3.613482,0.000874,0.001804,-1.610261
000540.npy,0,0.000717,0.584314,0.807843,0.972549,0.029208,4.233600,0.002005,0.002912,-1.348172
000541.npy,0,0.010971,0.047059,0.215686,0.904510,0.013681,3.299615,0.000233,0.000124,-1.360364
000542.npy,0,0.009659,0.050980,0.207843,0.847059,0.013988,3.112307,0.000244,0.000113,-1.335294
000543.npy,0,0.011353,0.047059,0.215686,0.901961,0.013658,3.305138,0.000231,0.000125,-1.360626
000544.npy,0,0.001541,0.166078,0.674510,0.705882,0.008179,24.516041,0.000011,0.000005,-1.216028
000545.npy,0,0.022888,0.023529,0.772549,0.901961,0.028861,9.996599,0.000163,0.007699,-1.458215
000546.npy,0,0.018265,0.027451,0.780392,0.901961,0.027167,10.802044,0.000059,0.005796,-1.448507
000547.npy,0,0.044876,0.019608,0.458824,0.901961,0.038346,7.435697,0.002178,0.013823,-1.446123
000548.npy,0,0.010895,0.047059,0.474510,0.776471,0.008761,5.353206,0.000077,0.000163,-1.533019
000549.npy,0,0.774796,0.000000,0.007843,0.509804,0.018949,12.402023,0.000025,0.001237,-1.424521
000550.npy,0,0.800720,0.000000,0.007843,0.431373,0.013996,12.894285,0.000018,0.000350,-1.394234
000551.npy,0,0.774246,0.000000,0.007843,0.517647,0.018538,12.586468,0.000021,0.001086,-1.397721
000552.npy,0,0.016891,0.031373,0.690196,0.835294,0.034075,10.386383,0.000033,0.005300,-1.048188
000553.npy,0,0.037125,0.027451,0.411765,0.780392,0.018651,5.588388,0.000529,0.001196,-1.542780
000554.npy,0,0.046036,0.003922,0.486275,0.835294,0.020365,5.797072,0.000570,0.001961,-1.584500
000555.npy,0,0.045776,0.003922,0.490196,0.839216,0.020425,5.831556,0.000569,0.001987,-1.584184
000556.npy,0,0.060211,0.031373,0.219608,0.400000,0.009413,6.126209,0.000190,0.000334,-1.744397
000557.npy,0,0.000031,0.654902,0.941176,0.980392,0.005635,6.302079,0.000027,0.000035,-1.448341
000558.npy,0,0.000320,0.345098,0.952941,0.984314,0.009802,11.308661,0.000024,0.000135,-1.745098
000559.npy,0,0.000031,0.686275,0.941176,0.980392,0.005514,5.623001,0.000028,0.000033,-1.436045
000560.npy,0,0.005005,0.066667,0.411765,0.929412,0.052484,4.946841,0.006176,0.009340,-1.236264
000561.npy,0,0.005280,0.058824,0.592157,0.929412,0.059642,4.477930,0.004127,0.014493,-1.059809
000562.npy,0,0.005554,0.058824,0.588235,0.925490,0.059178,4.516372,0.003931,0.014310,-1.048332
000563.npy,0,0.011368,0.047059,0.584314,0.925490,0.059368,4.540470,0.003931,0.013839,-1.030860
000564.npy,0,0.000061,0.239216,0.556863,0.835294,0.014955,8.662556,0.000145,0.000971,-1.324559
000565.npy,0,0.000015,0.341176,0.584314,0.854902,0.066763,3.114864,0.006907,0.005754,-0.919081
000566.npy,0,0.000076,0.333333,0.584314,0.854902,0.067378,3.107836,0.007063,0.005769,-0.915739
000567.npy,0,0.000046,0.356863,0.623529,0.858824,0.063350,3.114246,0.006060,0.005280,-0.913210
000568.npy,1,0.001068,0.107255,0.611765,0.992157,0.065822,4.806359,0.009074,0.019866,-1.185522
000569.npy,0,0.027939,0.035294,0.454902,0.847059,0.055184,4.855991,0.005123,0.010837,-1.332818
000570.npy,0,0.029755,0.031373,0.443137,0.819608,0.054104,4.826997,0.004947,0.010423,-1.312742
000571.npy,0,0.030289,0.035294,0.454902,0.843137,0.055113,4.907215,0.005009,0.010511,-1.334246
000572.npy,0,0.151978,0.003922,0.278431,0.564706,0.056992,3.757280,0.006263,0.008381,-1.082438
000573.npy,0,0.000061,0.666667,0.937255,0.980392,0.008494,16.582052,0.000024,0.000013,-1.117322
000574.npy,0,0.000015,0.858824,0.937255,0.980392,0.004738,2.649812,0.000024,0.000010,-1.004410
000575.npy,0,0.000015,0.854902,0.933333,0.980392,0.005130,3.439759,0.000024,0.000011,-1.002072
000576.npy,1,0.008392,0.050980,0.439216,0.952941,0.075480,4.694411,0.016777,0.027056,-1.393637
000577.npy,0,0.000519,0.098039,0.631373,0.964706,0.048093,8.313488,0.000603,0.021882,-1.320073
000578.npy,0,0.009109,0.050980,0.627451,0.968627,0.046737,8.982765,0.000362,0.021043,-1.370468
000579.npy,0,0.005981,0.074510,0.615686,0.960784,0.041967,9.750859,0.000181,0.014500,-1.340378
000580.npy,0,0.000763,0.129412,0.635294,0.913725,0.019992,2.475343,0.000624,0.000384,-1.181111
000581.npy,0,0.066818,0.019608,0.360784,0.850980,0.045779,3.534607,0.006505,0.010891,-1.826159
000582.npy,0,0.065643,0.019608,0.392157,0.854902,0.043321,3.665711,0.005724,0.010042,-1.855024
000583.npy,0,0.048157,0.023529,0.439216,0.858824,0.039961,3.606337,0.005102,0.009169,-1.874026
000584.npy,0,0.000031,0.184314,0.317647,0.835294,0.031302,2.630395,0.001279,0.000621,-1.046975
000585.npy,0,0.000519,0.125490,0.384314,0.682353,0.043127,2.594161,0.002402,0.000880,-0.840151
000586.npy,0,0.000229,0.125490,0.372549,0.658824,0.040430,2.625160,0.002109,0.000795,-0.839438
000587.npy,0,0.000015,0.129412,0.376471,0.654902,0.040397,2.609357,0.002114,0.000793,-0.841105
000588.npy,0,0.093491,0.015686,0.125490,0.898039,0.020849,8.781485,0.000284,0.001734,-1.661410
000589.npy,0,0.000031,0.188235,0.549020,0.941176,0.022011,2.807403,0.000642,0.000278,-1.156139
000590.npy,0,0.000061,0.156863,0.521569,0.870588,0.022221,2.545225,0.000676,0.000303,-1.109621
000591.npy,0,0.000061,0.180392,0.537255,0.870588,0.021874,2.548080,0.000658,0.000283,-1.108482
000592.npy,0,0.000519,0.113725,0.694118,0.933333,0.017672,6.017113,0.000736,0.002311,-1.918300
000593.npy,0,0.001236,0.129412,0.537255,0.878431,0.064562,3.952457,0.008509,0.012745,-1.180572
000594.npy,0,0.000870,0.149020,0.513726,0.866667,0.049631,4.385996,0.005096,0.009051,-1.370445
000595.npy,0,0.000687,0.176471,0.541176,0.886275,0.063659,3.997839,0.007946,0.012618,-1.155161
000596.npy,0,0.006134,0.066667,0.839216,0.878431,0.016061,14.784389,0.000008,0.000018,-1.441926
000597.npy,0,0.000519,0.290196,0.513726,0.690196,0.016763,3.565182,0.000335,0.000182,-1.243532
000598.npy,0,0.001770,0.082353,0.345098,0.560784,0.019435,3.009854,0.000483,0.000250,-1.169574
000599.npy,0,0.001755,0.082353,0.345098,0.560784,0.019366,3.020618,0.000480,0.000255,-1.170043
000600.npy,0,0.009979,0.050980,0.258824,0.949020,0.021097,7.230285,0.000327,0.003920,-1.754797
000601.npy,0,0.412033,0.011765,0.054902,0.901961,0.013220,8.719442,0.000037,0.000476,-1.577197
000602.npy,0,0.416153,0.011765,0.054902,0.901961,0.013208,8.752950,0.000037,0.000486,-1.577681
000603.npy,0,0.380661,0.003922,0.058824,0.898039,0.016468,7.766940,0.000043,0.001287,-1.590454
000604.npy,0,0.209991,0.000000,0.843137,0.866667,0.053263,8.629460,0.000021,0.033288,-1.205961
000605.npy,0,0.148270,0.007843,0.490196,0.921569,0.053291,7.471612,0.007271,0.027257,-1.350636
000606.npy,0,0.146057,0.007843,0.490196,0.921569,0.051069,7.436362,0.005466,0.026683,-1.353691
000607.npy,0,0.180344,0.007843,0.509804,0.933333,0.048102,8.377432,0.002869,0.026703,-1.375548
000608.npy,0,0.007370,0.054902,0.313726,0.760784,0.044808,6.399364,0.002505,0.008087,-1.163227
000609.npy,0,0.005981,0.086275,0.239216,0.725490,0.029459,4.895312,0.000766,0.000585,-1.133518
000610.npy,0,0.006714,0.086275,0.235294,0.717647,0.029642,4.834897,0.000782,0.000600,-1.128885
000611.npy,0,0.004272,0.105882,0.219608,0.686275,0.029939,4.214507,0.000831,0.000624,-1.028948
000612.npy,0,0.022842,0.023529,0.235294,0.854902,0.018885,5.650178,0.000791,0.001813,-1.609110
000613.npy,0,0.180969,0.011765,0.105882,0.666667,0.054064,5.175428,0.004805,0.014653,-1.064697
000614.npy,0,0.144150,0.015686,0.101961,0.649608,0.043895,5.946929,0.002648,0.008112,-1.052257
000615.npy,0,0.144287,0.015686,0.101961,0.647059,0.043773,5.942403,0.002629,0.008085,-1.052118
000616.npy,0,0.001480,0.098039,0.894118,0.917647,0.016242,13.825527,0.000012,0.000012,-1.342045
000617.npy,0,0.009094,0.050980,0.486275,0.803922,0.038172,4.600398,0.002333,0.004181,-1.214911
000618.npy,0,0.008453,0.054902,0.498039,0.792157,0.037714,4.522925,0.002227,0.004036,-1.210003
000619.npy,0,0.008530,0.054902,0.505882,0.779020,0.037088,4.442221,0.002198,0.003472,-1.208745
000620.npy,0,0.001984,0.129412,0.643137,0.892745,0.030153,3.140894,0.002510,0.003278,-1.630106
000621.npy,0,0.000076,0.235294,0.568627,0.819608,0.061846,3.830329,0.006570,0.007995,-1.026411
000622.npy,0,0.000076,0.239216,0.564706,0.827451,0.065195,3.612268,0.007360,0.007600,-1.020242
000623.npy,0,0.000107,0.211765,0.537255,0.788235,0.062979,3.787668,0.006796,0.008765,-1.003005
000624.npy,0,0.728012,0.000000,0.000000,0.858824,0.039878,9.707716,0.000000,0.005397,-0.993355
000625.npy,1,0.052628,0.007843,0.494118,0.988235,0.263959,2.116144,0.082246,0.012947,0.023970
000626.npy,1,0.051361,0.007843,0.498039,0.988235,0.262984,2.114477,0.081222,0.013328,0.002030
000627.npy,1,0.052979,0.007843,0.494118,0.988235,0.263402,2.117648,0.082265,0.012270,0.004039
000628.npy,0,0.110413,0.015686,0.556863,0.941176,0.024133,8.579823,0.000081,0.004912,-1.611751
000629.npy,0,0.000076,0.215686,0.545098,0.839216,0.043596,2.706062,0.002340,0.000902,-0.758480
000630.npy,0,0.000122,0.172549,0.501961,0.815686,0.043437,2.711805,0.002317,0.000868,-0.771978
000631.npy,0,0.000168,0.196078,0.529412,0.831373,0.043589,2.712821,0.002347,0.000872,-0.765062
000632.npy,0,0.005844,0.062745,0.521569,0.949020,0.028963,6.567552,0.001110,0.006000,-1.423899
000633.npy,0,0.004364,0.082353,0.352941,0.725490,0.017570,7.663745,0.000201,0.001212,-1.360992
000634.npy,0,0.004120,0.090196,0.376471,0.756863,0.018113,7.676324,0.000240,0.001303,-1.374712
000635.npy,0,0.004105,0.090196,0.376471,0.756863,0.018082,7.667736,0.000243,0.001303,-1.375302
000636.npy,0,0.153366,0.035294,0.098039,0.545098,0.037845,5.526083,0.002094,0.005197,-1.091642
000637.npy,0,0.000748,0.113725,0.360784,0.694118,0.048503,3.190490,0.005196,0.005511,-1.425555
000638.npy,0,0.001083,0.109804,0.352941,0.666667,0.046459,3.172709,0.004889,0.004562,-1.426947
000639.npy,0,0.001205,0.094118,0.356863,0.666667,0.047476,3.161597,0.005008,0.005377,-1.422751
000640.npy,0,0.006882,0.058824,0.501961,0.980392,0.038348,5.008111,0.002121,0.006289,-1.296876
000641.npy,1,0.000015,0.321569,0.560784,0.800000,0.091361,2.505229,0.009432,0.003177,-0.384567
000642.npy,1,0.000015,0.305882,0.556863,0.807843,0.096340,2.519324,0.010670,0.003559,-0.372440
000643.npy,0,0.000046,0.823529,0.960784,0.980392,0.009283,4.972270,0.000076,0.000026,-1.190180
000644.npy,0,0.000183,0.227451,0.568627,0.862745,0.041572,4.291024,0.002535,0.003273,-1.092346
000645.npy,0,0.000366,0.200000,0.560784,0.886275,0.048762,3.862107,0.004067,0.005403,-1.186052
000646.npy,0,0.001068,0.149020,0.576471,0.886275,0.046623,3.926037,0.003758,0.005299,-1.215078
000647.npy,0,0.000824,0.192157,0.596078,0.886275,0.044763,4.060565,0.003354,0.005067,-1.193334
000648.npy,0,0.001801,0.101961,0.584314,0.869216,0.070986,3.595739,0.010875,0.015537,-1.537701
000649.npy,0,0.172577,0.000000,0.211765,0.764706,0.058930,4.448532,0.006865,0.015973,-1.563783
000650.npy,0,0.156113,0.000000,0.231373,0.776471,0.061905,4.266690,0.007758,0.017979,-1.573186
000651.npy,0,0.172501,0.000000,0.211765,0.764706,0.058869,4.453293,0.006815,0.015942,-1.563665
000652.npy,0,0.008377,0.054902,0.231373,0.594706,0.029444,5.329405,0.001721,0.002764,-1.551513
000653.npy,0,0.046631,0.023529,0.176471,0.698039,0.043037,6.515172,0.002452,0.004799,-1.206615
000654.npy,0,0.047684,0.023529,0.168627,0.701961,0.043132,6.591810,0.002376,0.005011,-1.208500
000655.npy,0,0.046555,0.027451,0.168627,0.682353,0.042474,6.465011,0.002344,0.004645,-1.189237
000656.npy,0,0.036148,0.027451,0.447059,0.976471,0.038115,7.856656,0.001617,0.008813,-1.419003
000657.npy,0,0.000107,0.176471,0.776471,0.992157,0.047114,6.743772,0.004147,0.026379,-1.363656
000658.npy,0,0.000092,0.180392,0.776471,0.992157,0.047016,6.749614,0.004102,0.026254,-1.363932
000659.npy,1,0.000168,0.152941,0.741176,0.925490,0.059310,5.730738,0.012696,0.030298,-1.341652
000660.npy,0,0.007919,0.050980,0.341176,0.937255,0.019221,12.786469,0.000100,0.000774,-1.618621
000661.npy,0,0.005341,0.058824,0.741176,0.945098,0.019588,2.583322,0.000559,0.000367,-1.225128
000662.npy,0,0.007294,0.054902,0.725490,0.937255,0.019461,2.615678,0.000562,0.000364,-1.221293
000663.npy,0,0.005692,0.054902,0.733333,0.937255,0.019677,2.590813,0.000567,0.000357,-1.228218
000664.npy,1,0.029175,0.015686,0.482353,0.984314,0.202028,2.752683,0.059187,0.031667,-0.683593
000665.npy,0,0.000961,0.066667,0.160784,0.458824,0.031754,3.210361,0.001276,0.000892,-0.815542
000666.npy,0,0.990479,0.011765,0.019608,0.047059,0.004926,5.656864,0.000009,0.000006,-0.833547
000667.npy,0,0.987061,0.011765,0.019608,0.058824,0.005906,14.903327,0.000009,0.000005,-0.863413
000668.npy,0,0.005402,0.078431,0.525490,0.894118,0.020161,4.154799,0.001164,0.002555,-1.763549
000669.npy,0,0.002777,0.094118,0.654902,0.898039,0.034655,5.305348,0.001946,0.003964,-1.420576
000670.npy,0,0.021469,0.027451,0.603922,0.898039,0.035449,5.093280,0.002234,0.004634,-1.456771
000671.npy,0,0.002090,0.105882,0.639216,0.894118,0.033044,5.308538,0.001783,0.003906,-1.447260
000672.npy,1,0.135971,0.000000,0.400000,0.862745,0.120874,4.057681,0.048629,0.036403,-1.123067
000673.npy,1,0.004181,0.074510,0.513726,0.894118,0.056967,5.643770,0.008731,0.025043,-1.315870
000674.npy,1,0.002762,0.086275,0.513726,0.886275,0.057345,5.576706,0.009403,0.023875,-1.291960
000675.npy,1,0.003082,0.086275,0.521569,0.905882,0.059184,5.504081,0.010005,0.025213,-1.278076
000676.npy,1,0.238251,0.000000,0.156863,0.980392,0.081639,6.156476,0.007977,0.036538,-1.253395
000677.npy,1,0.019165,0.023529,0.435294,0.992157,0.130400,3.945254,0.030149,0.053278,-1.092067
000678.npy,1,0.019058,0.023529,0.435294,0.992157,0.130400,3.943470,0.030169,0.053030,-1.092174
000679.npy,1,0.020996,0.023529,0.435294,0.992157,0.133612,3.893700,0.031822,0.055371,-1.058320
000680.npy,0,0.062775,0.023529,0.341176,0.921569,0.033519,7.532995,0.001554,0.011286,-1.604334
000681.npy,0,0.112610,0.019608,0.243137,0.929412,0.034142,9.160091,0.000906,0.011845,-1.580379
000682.npy,0,0.119019,0.023529,0.227451,0.921569,0.033825,9.309245,0.000889,0.012234,-1.560352
000683.npy,0,0.101776,0.023529,0.231373,0.921569,0.034048,8.995543,0.001053,0.012104,-1.582847
000684.npy,0,0.054214,0.007843,0.364706,0.956863,0.047232,6.765830,0.003614,0.014706,-1.491786
000685.npy,0,0.010071,0.047059,0.572549,0.996078,0.023179,9.390892,0.000372,0.003573,-1.598850
000686.npy,0,0.004593,0.105882,0.619608,0.996078,0.022673,8.907219,0.000417,0.002897,-1.608809
000687.npy,0,0.005997,0.054902,0.541176,0.992157,0.022219,8.444064,0.000287,0.002449,-1.578280
000688.npy,0,0.140732,0.003922,0.564706,0.909804,0.038310,5.191235,0.003426,0.008611,-1.606548
000689.npy,0,0.030945,0.023529,0.419608,0.878431,0.056656,3.974172,0.010378,0.016978,-1.602838
000690.npy,0,0.028198,0.023529,0.423529,0.878431,0.053810,4.100807,0.009680,0.017205,-1.640539
000691.npy,0,0.028976,0.023529,0.419608,0.878431,0.054129,4.095877,0.009888,0.016017,-1.639485
000692.npy,0,0.032043,0.039216,0.784314,0.862745,0.016302,17.288193,0.000062,0.000380,-1.556760
000693.npy,0,0.085785,0.015686,0.121569,0.662745,0.019328,8.722863,0.000286,0.001783,-1.570610
000694.npy,0,0.053299,0.023529,0.164706,0.898039,0.033436,7.666581,0.001299,0.006839,-1.533945
000695.npy,0,0.099503,0.011765,0.113725,0.654902,0.023105,8.190788,0.000558,0.003365,-1.568012
000696.npy,0,0.000137,0.137255,0.592157,0.858824,0.029831,2.892843,0.001175,0.000900,-0.926307
000697.npy,0,0.014481,0.023529,0.874510,0.964706,0.022302,8.204378,0.000214,0.000306,-1.518039
000698.npy,0,0.016525,0.019608,0.874510,0.964706,0.022376,8.185487,0.000215,0.000251,-1.521761
000699.npy,0,0.016418,0.023529,0.890196,0.964706,0.022009,9.349452,0.000202,0.000104,-1.505257
000700.npy,0,0.066940,0.027451,0.172549,0.972549,0.024881,6.403339,0.000723,0.002111,-1.597253
000701.npy,0,0.012024,0.047059,0.168627,0.447059,0.042834,3.003866,0.001994,0.001547,-0.836414
000702.npy,0,0.009659,0.050980,0.176471,0.447059,0.043197,3.047827,0.002040,0.001553,-0.820508
000703.npy,0,0.012817,0.047059,0.172549,0.450980,0.042586,3.216090,0.001949,0.001520,-0.845268
000704.npy,0,0.217178,0.015686,0.470588,0.929412,0.023808,5.839428,0.000881,0.001521,-1.254274
000705.npy,0,0.000427,0.137255,0.400000,0.745098,0.083735,2.482070,0.008250,0.002292,-0.467777
000706.npy,0,0.000366,0.141176,0.403922,0.749020,0.084131,2.453258,0.008392,0.002163,-0.469334
000707.npy,0,0.001205,0.117647,0.356863,0.694118,0.073995,2.448950,0.006471,0.001824,-0.529044
000708.npy,0,0.155411,0.007843,0.309804,0.972549,0.052385,5.558225,0.006653,0.023243,-1.558950
000709.npy,0,0.537766,0.000000,0.043137,0.545098,0.013093,10.237108,0.000113,0.000599,-1.687620
000710.npy,0,0.478195,0.000000,0.050980,0.576471,0.013715,9.638454,0.000160,0.000872,-1.702553
000711.npy,0,0.476944,0.000000,0.050980,0.576471,0.013776,9.666002,0.000158,0.000875,-1.701758
000712.npy,0,0.221527,0.011765,0.215686,0.886275,0.034178,6.095364,0.001896,0.006061,-1.501744
000713.npy,0,0.227905,0.007843,0.176471,0.870588,0.020622,5.001759,0.000792,0.002321,-1.636984
000714.npy,0,0.206268,0.007843,0.211765,0.890196,0.021594,4.718997,0.000980,0.002684,-1.655741
000715.npy,0,0.214020,0.007843,0.200000,0.886275,0.021197,4.811110,0.000932,0.002511,-1.645278
000716.npy,1,0.004379,0.058824,0.184314,0.807843,0.078422,4.113961,0.011385,0.024267,-1.093304
000717.npy,1,0.001404,0.074510,0.364706,0.901961,0.112282,3.275035,0.022519,0.022838,-1.108298
000718.npy,1,0.001785,0.074510,0.360784,0.898039,0.112380,3.279901,0.022894,0.023750,-1.105659
000719.npy,1,0.001434,0.078431,0.368627,0.901961,0.114170,3.244177,0.024445,0.022061,-1.096734
000720.npy,0,0.006622,0.054902,0.266667,0.811765,0.070318,4.361140,0.009370,0.013487,-1.076548
000721.npy,0,0.024292,0.027451,0.239216,0.694118,0.058848,4.005246,0.010274,0.015233,-1.294119
000722.npy,0,0.015503,0.039216,0.207843,0.678431,0.062834,3.913198,0.009765,0.017517,-1.275567
000723.npy,0,0.013962,0.043137,0.207843,0.678431,0.063345,3.867790,0.009098,0.017872,-1.281278
000724.npy,0,0.002106,0.086275,0.235294,0.600000,0.065212,3.892496,0.005668,0.006333,-0.819269
000725.npy,0,0.029205,0.019608,0.168627,0.647059,0.070931,4.636250,0.006564,0.013472,-0.902026
000726.npy,0,0.030594,0.019608,0.168627,0.647059,0.071708,4.567447,0.006642,0.013435,-0.902379
000727.npy,0,0.029953,0.019608,0.164706,0.627451,0.068289,4.636101,0.006390,0.011171,-0.916017
000728.npy,0,0.002014,0.101961,0.596078,0.835294,0.034819,4.326336,0.002317,0.006512,-1.737297
000729.npy,0,0.002777,0.078431,0.509804,0.800000,0.027963,5.751517,0.001078,0.003636,-1.529896
000730.npy,0,0.006989,0.054902,0.294118,0.564706,0.021733,5.920234,0.000725,0.002040,-1.489963
000731.npy,0,0.002731,0.078431,0.486275,0.800000,0.028406,5.682624,0.001095,0.003624,-1.531759
000732.npy,1,0.004883,0.058824,0.541176,0.858824,0.073207,4.172974,0.010085,0.014514,-1.063269
000733.npy,0,0.000031,0.454902,0.752941,0.862745,0.042327,4.920883,0.002340,0.003049,-0.889224
000734.npy,0,0.000031,0.462745,0.756863,0.866667,0.040969,4.980857,0.002103,0.003034,-0.911693
000735.npy,0,0.000031,0.513726,0.811765,0.925490,0.045735,4.508694,0.002718,0.003911,-0.876818
000736.npy,0,0.009949,0.050980,0.282353,0.831373,0.032140,7.671864,0.000763,0.011678,-1.550583
000737.npy,0,0.000198,0.600000,0.913725,0.992157,0.006744,5.200774,0.000062,0.000219,-1.589739
000738.npy,0,0.002228,0.078431,0.745098,0.980392,0.013646,4.980911,0.000290,0.000913,-1.631091
000739.npy,0,0.001587,0.082353,0.682353,0.980392,0.013950,4.846708,0.000341,0.001015,-1.628980
000740.npy,0,0.009399,0.050980,0.447059,0.694118,0.019224,6.565578,0.000316,0.001023,-1.414629
000741.npy,0,0.000351,0.235294,0.717647,0.878431,0.030234,7.418529,0.000771,0.001957,-1.274208
000742.npy,0,0.000443,0.274510,0.725490,0.878431,0.027253,7.819164,0.000727,0.001337,-1.256769
000743.npy,0,0.000397,0.231373,0.713726,0.874510,0.030181,7.439816,0.000770,0.001902,-1.273865
000744.npy,0,0.072998,0.031373,0.156863,0.635294,0.058597,4.921140,0.005760,0.012018,-0.998839
000745.npy,0,0.001389,0.101961,0.560784,0.929412,0.015526,2.516290,0.000319,0.000082,-1.055880
000746.npy,0,0.001038,0.105882,0.564706,0.925490,0.016136,2.502145,0.000346,0.000087,-1.034455
000747.npy,0,0.001404,0.101961,0.552941,0.913725,0.016134,2.493585,0.000345,0.000086,-1.034857
000748.npy,0,0.010620,0.047059,0.596078,0.831373,0.054150,4.092931,0.003691,0.006157,-1.195852
000749.npy,0,0.006180,0.062745,0.305882,0.713726,0.059308,3.210144,0.006151,0.005635,-1.182819
000750.npy,0,0.007660,0.054902,0.294118,0.709804,0.058870,3.202258,0.005969,0.005456,-1.187818
000751.npy,0,0.005951,0.062745,0.305882,0.709804,0.058753,3.194084,0.006046,0.005451,-1.184668
000752.npy,0,0.000153,0.094118,0.250980,0.709804,0.023059,6.855087,0.000364,0.000270,-1.082788
000753.npy,0,0.000214,0.145098,0.486275,0.890196,0.051314,2.598663,0.003028,0.001137,-0.701023
000754.npy,0,0.000061,0.180392,0.447059,0.878431,0.053884,2.604209,0.003347,0.001284,-0.665620
000755.npy,0,0.000153,0.160784,0.458824,0.874510,0.055503,2.618973,0.003549,0.001558,-0.658613
000756.npy,0,0.060181,0.007843,0.258824,0.772549,0.026559,6.687974,0.000693,0.001698,-1.490559
000757.npy,0,0.067932,0.015686,0.168627,0.898039,0.015291,3.803010,0.000469,0.000936,-1.437731
000758.npy,0,0.101959,0.007843,0.156863,0.894118,0.014502,3.807364,0.000438,0.000922,-1.444212
000759.npy,0,0.063019,0.011765,0.168627,0.776471,0.018288,5.106629,0.000536,0.001310,-1.515384
000760.npy,0,0.000061,0.243137,0.580392,0.854902,0.057064,2.547817,0.003621,0.001414,-0.780089
000761.npy,0,0.000015,0.203922,0.458824,0.831373,0.062393,2.515991,0.004453,0.001741,-0.727237
000762.npy,0,0.000015,0.211765,0.470588,0.847059,0.062682,2.512090,0.004544,0.001678,-0.708311
000763.npy,0,0.000015,0.211765,0.482353,0.858824,0.063579,2.526573,0.004616,0.001757,-0.740419
000764.npy,1,0.034698,0.035294,0.215686,0.976471,0.091663,4.187344,0.018648,0.029950,-1.100255
000765.npy,0,0.013229,0.043137,0.113725,0.713726,0.024353,7.508067,0.000323,0.002028,-1.153956
000766.npy,0,0.017776,0.027451,0.117647,0.721569,0.026492,7.405729,0.000349,0.002624,-1.131819
000767.npy,0,0.011902,0.047059,0.117647,0.717647,0.024281,7.524326,0.000319,0.002019,-1.154173
000768.npy,1,0.003830,0.058824,0.337255,0.929412,0.062859,5.896845,0.005209,0.026138,-1.206531
000769.npy,0,0.000351,0.164706,0.372549,0.905882,0.020338,8.791933,0.000459,0.000723,-1.328036
000770.npy,0,0.000336,0.162157,0.372549,0.909804,0.019138,8.272671,0.000425,0.000643,-1.315784
000771.npy,0,0.000336,0.168627,0.376471,0.909804,0.019324,8.301082,0.000431,0.000702,-1.303965
000772.npy,0,0.013275,0.023529,0.541176,0.933333,0.031522,5.895092,0.001508,0.002889,-1.435274
000773.npy,0,0.134735,0.000000,0.219608,0.858824,0.018581,5.196573,0.000576,0.001368,-1.460364
000774.npy,0,0.135300,0.000000,0.219608,0.857451,0.018530,5.210964,0.000579,0.001373,-1.460485
000775.npy,0,0.134933,0.000000,0.219608,0.858824,0.018526,5.195765,0.000574,0.001360,-1.460958
000776.npy,1,0.001984,0.109804,0.705882,0.980392,0.058224,5.692899,0.009611,0.037768,-1.218029
000777.npy,0,0.006058,0.062745,0.611765,0.909804,0.053026,3.836073,0.004937,0.008249,-0.969128
000778.npy,0,0.007477,0.058824,0.611765,0.921569,0.059504,3.553698,0.006466,0.009875,-0.955377
000779.npy,0,0.006210,0.062745,0.615686,0.933333,0.066691,3.237476,0.008247,0.010148,-0.947475
000780.npy,1,0.098175,0.000000,0.298039,0.949020,0.091368,4.013265,0.012568,0.020247,-1.017754
000781.npy,0,0.000183,0.192157,0.470588,0.784314,0.023214,2.645017,0.001248,0.001151,-1.350667
000782.npy,0,0.000153,0.180392,0.498039,0.788235,0.023663,2.643790,0.001266,0.001182,-1.333364
000783.npy,0,0.000183,0.180392,0.498039,0.784314,0.023726,2.645875,0.001251,0.001191,-1.332971
000784.npy,0,0.093704,0.019608,0.274510,0.968627,0.035071,8.346272,0.001017,0.006321,-1.510023
000785.npy,0,0.597473,0.023529,0.043137,0.564706,0.014100,8.330734,0.000060,0.000626,-1.480318
000786.npy,0,0.504257,0.027451,0.047059,0.568627,0.014238,8.354327,0.000057,0.000676,-1.481778
000787.npy,0,0.600449,0.019608,0.039216,0.576471,0.014440,7.590671,0.000063,0.000963,-1.504251
000788.npy,0,0.025208,0.023529,0.627451,0.882353,0.018236,4.303610,0.000369,0.000575,-1.500607
000789.npy,0,0.378830,0.007843,0.290196,0.937255,0.010197,5.717044,0.000115,0.000477,-1.599032
000790.npy,0,0.395096,0.007843,0.078431,0.941176,0.010944,6.362499,0.000103,0.000607,-1.616737
000791.npy,0,0.364960,0.007843,0.368627,0.933333,0.010318,5.643508,0.000117,0.000511,-1.595201
000792.npy,0,0.000168,0.180392,0.705882,0.956863,0.013010,12.150467,0.000062,0.000113,-1.293284
000793.npy,0,0.006165,0.066667,0.372549,0.619608,0.046898,3.398766,0.003662,0.004154,-1.178008
000794.npy,0,0.005417,0.070588,0.368627,0.615686,0.045493,3.496343,0.003407,0.004397,-1.179896
000795.npy,0,0.005066,0.070588,0.329412,0.650980,0.041034,3.299979,0.002827,0.003299,-1.206329
000796.npy,0,0.000046,0.788235,0.862745,0.976471,0.004614,5.357192,0.000016,0.000015,-1.124044
000797.npy,0,0.475113,0.000000,0.054902,0.450980,0.022401,5.570535,0.000478,0.001724,-1.172567
000798.npy,0,0.448593,0.000000,0.062745,0.474510,0.024182,5.659222,0.000572,0.002025,-1.191170
000799.npy,0,0.439407,0.000000,0.062745,0.572549,0.028125,5.788154,0.000675,0.002473,-1.163212
000800.npy,0,0.000137,0.196078,0.490196,0.831373,0.057011,2.494625,0.003872,0.001228,-0.682289
000801.npy,0,0.007370,0.054902,0.729412,0.917647,0.022209,2.578599,0.000676,0.000244,-1.023561
000802.npy,0,0.004852,0.074510,0.694118,0.909804,0.023568,2.502859,0.000723,0.000243,-0.980550
000803.npy,0,0.011948,0.047059,0.694118,0.909804,0.022014,2.570670,0.000658,0.000232,-0.993267
000804.npy,1,0.002853,0.070588,0.400000,0.772549,0.088083,3.261278,0.013416,0.011755,-0.999637
000805.npy,0,0.252182,0.011765,0.101961,0.925490,0.008073,4.640380,0.000075,0.000259,-1.585647
000806.npy,0,0.204514,0.015686,0.141176,0.937255,0.010063,4.447334,0.000145,0.000589,-1.629733
000807.npy,0,0.227676,0.011765,0.129412,0.933333,0.009787,4.607819,0.000123,0.000544,-1.629438
000808.npy,0,0.223984,0.019608,0.094118,0.588235,0.022552,8.267234,0.000430,0.001300,-1.387243
000809.npy,0,0.000107,0.180392,0.945098,0.980392,0.014176,14.783378,0.000054,0.000017,-1.527129
000810.npy,0,0.000290,0.164706,0.941176,0.976471,0.011735,9.923281,0.000061,0.000017,-1.503821
000811.npy,0,0.000046,0.145098,0.945098,0.976471,0.021354,12.437066,0.000052,0.000232,-1.545083
000812.npy,0,0.331848,0.000000,0.090196,0.694118,0.038568,5.534714,0.001960,0.006249,-1.310803
000813.npy,0,0.237656,0.000000,0.225490,0.823529,0.063466,4.427685,0.007316,0.014637,-1.154793
000814.npy,0,0.231812,0.000000,0.219608,0.803922,0.062980,4.413700,0.007232,0.013934,-1.152428
000815.npy,0,0.162842,0.000000,0.262745,0.780392,0.067046,4.144683,0.007854,0.013554,-1.135820
000816.npy,0,0.023697,0.011765,0.364706,0.596078,0.024223,4.785634,0.001270,0.001828,-1.395581
000817.npy,1,0.010330,0.047059,0.286275,0.729412,0.082885,3.279752,0.009661,0.008565,-0.825479
000818.npy,1,0.008102,0.050980,0.341176,0.745098,0.083194,3.278368,0.009465,0.009210,-0.837144
000819.npy,1,0.002121,0.074510,0.364706,0.772549,0.091448,3.044341,0.011585,0.007776,-0.793611
000820.npy,1,0.027512,0.023529,0.639216,0.976471,0.097250,3.736775,0.016254,0.023189,-1.297454
000821.npy,0,0.701752,0.000000,0.015686,0.333333,0.011393,6.946106,0.000133,0.000473,-1.494495
000822.npy,0,0.589096,0.000000,0.035294,0.360784,0.013617,6.055544,0.000214,0.000598,-1.488231
000823.npy,0,0.682678,0.000000,0.023529,0.349020,0.012163,6.658564,0.000160,0.000493,-1.496950
000824.npy,0,0.000595,0.125490,0.396078,0.811765,0.022307,4.286027,0.000936,0.001605,-1.399526
000825.npy,0,0.165405,0.015686,0.121569,0.752941,0.027208,5.666231,0.001318,0.004390,-1.505490
000826.npy,0,0.170258,0.011765,0.121569,0.763333,0.027390,5.501471,0.001397,0.004615,-1.525000
000827.npy,0,0.211487,0.015686,0.098039,0.533333,0.024197,6.565724,0.001031,0.003409,-1.439721
000828.npy,0,0.011810,0.047059,0.643137,0.945098,0.013865,3.474427,0.000396,0.000772,-1.438801
000829.npy,0,0.000198,0.231373,0.325490,0.447059,0.015274,7.077252,0.000206,0.000208,-1.037569
000830.npy,0,0.000214,0.235294,0.325490,0.447059,0.014697,6.886650,0.000193,0.000197,-1.042123
000831.npy,0,0.000198,0.274510,0.368627,0.556863,0.013915,6.309462,0.000195,0.000138,-1.085120
000832.npy,0,0.010284,0.047059,0.525490,0.874510,0.027024,12.129677,0.000022,0.002600,-1.220683
000833.npy,0,0.043091,0.019608,0.325490,0.917647,0.044108,7.217333,0.003301,0.015487,-1.329150
000834.npy,0,0.089645,0.015686,0.203922,0.921569,0.052003,6.750016,0.005019,0.018609,-1.294696
000835.npy,0,0.058868,0.015686,0.270588,0.921569,0.049694,6.762876,0.004170,0.018576,-1.296052
000836.npy,0,0.093475,0.023529,0.156863,0.478431,0.054855,3.743495,0.004836,0.005571,-1.118333
000837.npy,0,0.138550,0.015686,0.129412,0.662745,0.039056,5.284885,0.001505,0.006182,-1.039817
000838.npy,0,0.101517,0.019608,0.129412,0.533333,0.031411,5.544948,0.001403,0.004369,-1.245575
000839.npy,0,0.107468,0.019608,0.125490,0.576471,0.032420,5.526114,0.001380,0.004230,-1.201801
000840.npy,0,0.191162,0.000000,0.396078,0.882353,0.048763,4.472224,0.005931,0.010849,-1.493638
000841.npy,0,0.034988,0.023529,0.388235,0.988235,0.019435,4.893918,0.000817,0.002820,-1.772120
000842.npy,0,0.026367,0.031373,0.305882,0.992157,0.020204,4.430399,0.000937,0.003038,-1.738264
000843.npy,0,0.028915,0.027451,0.431373,0.988235,0.019755,4.987429,0.000784,0.003141,-1.777869
000844.npy,0,0.001160,0.098039,0.333333,0.752941,0.043468,3.742933,0.002933,0.003549,-1.242246
000845.npy,0,0.371338,0.007843,0.078431,0.682353,0.012674,9.092782,0.000025,0.000739,-1.576252
000846.npy,0,0.492813,0.000000,0.050980,0.674510,0.010423,10.760819,0.000018,0.000269,-1.562772
000847.npy,0,0.371201,0.007843,0.078431,0.682353,0.012673,9.111674,0.000025,0.000753,-1.577336
000848.npy,0,0.157806,0.035294,0.733333,0.968627,0.032627,5.781304,0.001739,0.003413,-1.401397
000849.npy,0,0.173996,0.003922,0.341176,0.862745,0.026032,2.999728,0.001659,0.002434,-1.306568
000850.npy,0,0.136261,0.007843,0.364706,0.862745,0.025951,2.916594,0.001571,0.002164,-1.298586
000851.npy,0,0.177567,0.003922,0.329412,0.862745,0.025060,2.977324,0.001568,0.002199,-1.303001
000852.npy,0,0.342285,0.007843,0.105882,0.792157,0.054827,5.552649,0.003240,0.014502,-1.088989
000853.npy,0,0.014969,0.035294,0.341176,0.874510,0.072154,3.572192,0.008563,0.007963,-1.021750
000854.npy,0,0.010010,0.048431,0.349020,0.878431,0.074110,3.322357,0.008766,0.006848,-1.008861
000855.npy,0,0.016235,0.035294,0.317647,0.874510,0.076837,3.227036,0.008947,0.006481,-0.988017
000856.npy,0,0.001450,0.094118,0.458824,0.937255,0.055015,6.188877,0.003505,0.014817,-1.301640
000857.npy,0,0.000229,0.149020,0.662745,0.917647,0.017331,2.794248,0.000596,0.000600,-1.375745
000858.npy,0,0.000183,0.137255,0.615686,0.886275,0.019809,2.834424,0.000748,0.000751,-1.343835
000859.npy,0,0.001053,0.137255,0.588235,0.878431,0.021167,2.786696,0.000819,0.000864,-1.330322
000860.npy,0,0.123993,0.003922,0.129412,0.913725,0.031453,6.916201,0.001656,0.005765,-1.535046
000861.npy,0,0.001434,0.094118,0.752941,0.980392,0.039329,4.137594,0.003709,0.006114,-1.537762
000862.npy,0,0.002213,0.133333,0.694118,0.972549,0.037068,4.138494,0.003367,0.005727,-1.526349
000863.npy,0,0.002182,0.133333,0.694118,0.972549,0.037162,4.164268,0.003229,0.005591,-1.530043
000864.npy,1,0.001755,0.101961,0.466667,0.996078,0.099494,3.953232,0.023975,0.029061,-1.110122
000865.npy,0,0.000092,0.188235,0.545098,0.837843,0.060624,2.593712,0.004337,0.002055,-0.729811
000866.npy,0,0.000092,0.192157,0.537255,0.835294,0.061816,2.590325,0.004505,0.002060,-0.729104
000867.npy,0,0.000092,0.192157,0.552941,0.858824,0.063825,2.592256,0.004778,0.002202,-0.731561
000868.npy,0,0.116333,0.015686,0.247059,0.952941,0.043258,5.776363,0.002557,0.008635,-1.354196
000869.npy,0,0.000183,0.149020,0.490196,0.811765,0.054427,2.484506,0.003535,0.001004,-0.711863
000870.npy,0,0.000168,0.145098,0.486275,0.803922,0.054093,2.491112,0.003482,0.000941,-0.713011
000871.npy,0,0.000153,0.192157,0.529412,0.854902,0.059707,2.452528,0.004262,0.001200,-0.693904
000872.npy,0,0.000870,0.109804,0.396078,0.964706,0.021476,6.875995,0.000665,0.001888,-1.796027
000873.npy,0,0.000534,0.149020,0.364706,0.921569,0.044783,4.031041,0.003329,0.003615,-1.300241
000874.npy,0,0.000504,0.145098,0.364706,0.878431,0.044356,3.862138,0.003375,0.003648,-1.261869
000875.npy,0,0.000671,0.141176,0.364706,0.870588,0.044305,3.830371,0.003350,0.003481,-1.250243
000876.npy,0,0.014999,0.031373,0.278431,0.972549,0.027896,4.966384,0.001552,0.003895,-1.386592
000877.npy,0,0.007889,0.054902,0.247059,0.678431,0.009901,3.366598,0.000136,0.000106,-1.345641
000878.npy,0,0.007782,0.054902,0.250980,0.694118,0.009952,3.355213,0.000135,0.000105,-1.348193
000879.npy,0,0.006607,0.058824,0.243137,0.682353,0.010570,3.339137,0.000157,0.000128,-1.318363
000880.npy,0,0.000244,0.121569,0.443137,0.862745,0.032899,2.503949,0.001356,0.000549,-0.950435
000881.npy,0,0.006271,0.058824,0.333333,0.823529,0.017961,5.298360,0.000493,0.001701,-1.604114
000882.npy,0,0.008316,0.054902,0.325490,0.819608,0.017880,5.355451,0.000453,0.001664,-1.601018
000883.npy,0,0.008255,0.054902,0.325490,0.819608,0.017522,5.410211,0.000455,0.001511,-1.611180
000884.npy,0,0.058273,0.031373,0.098039,0.207843,0.014565,4.598681,0.000206,0.000160,-1.040556
000885.npy,0,0.001953,0.058824,0.149020,0.694118,0.033551,6.043303,0.001894,0.007950,-1.521737
000886.npy,0,0.311066,0.023529,0.066667,0.650980,0.026095,8.290198,0.000108,0.004922,-1.528355
000887.npy,0,0.071228,0.039216,0.105882,0.627451,0.030444,6.394256,0.001326,0.007026,-1.525192
000888.npy,0,0.007431,0.054902,0.545098,0.886275,0.029030,5.105153,0.001520,0.004210,-1.391771
000889.npy,0,0.071442,0.011765,0.882353,0.972549,0.010816,7.079354,0.000067,0.000028,-1.605587
000890.npy,0,0.047897,0.015686,0.905882,0.980392,0.009930,7.412313,0.000064,0.000025,-1.583172
000891.npy,0,0.084427,0.011765,0.878431,0.976471,0.011197,6.901214,0.000068,0.000032,-1.614559
000892.npy,0,0.014191,0.043137,0.462745,0.776471,0.044419,6.162538,0.002904,0.010693,-1.156877
000893.npy,0,0.000137,0.329412,0.564706,0.803922,0.017768,9.888066,0.000112,0.000072,-1.002899
000894.npy,0,0.000183,0.262745,0.584314,0.815686,0.024893,8.833218,0.000124,0.002719,-1.022872
000895.npy,0,0.000290,0.235294,0.584314,0.854902,0.026441,8.889423,0.000125,0.003431,-1.061895
000896.npy,0,0.034454,0.011765,0.678431,0.890196,0.038167,7.650673,0.001032,0.015560,-1.353949
000897.npy,0,0.016129,0.043137,0.788235,0.925490,0.023691,9.436506,0.000072,0.006145,-1.675531
000898.npy,0,0.012299,0.047059,0.815686,0.933333,0.019874,10.957243,0.000062,0.000422,-1.682236
000899.npy,0,0.011246,0.047059,0.807843,0.929412,0.018812,11.275899,0.000060,0.000205,-1.637401
000900.npy,1,0.000061,0.196078,0.450980,0.776471,0.111673,2.448216,0.014148,0.004010,-0.304593
000901.npy,0,0.414581,0.000000,0.129412,0.737255,0.032492,10.361458,0.001300,0.003976,-1.256820
000902.npy,0,0.332642,0.003922,0.188235,0.729412,0.036612,8.104746,0.001778,0.005513,-1.250121
000903.npy,0,0.446030,0.000000,0.105882,0.729412,0.029811,10.761721,0.000969,0.003386,-1.269790
000904.npy,0,0.081985,0.019608,0.196078,0.945098,0.045383,8.079227,0.001737,0.007925,-1.275398
000905.npy,0,0.000046,0.521569,0.690196,0.870588,0.056445,2.539657,0.003710,0.001144,-0.513889
000906.npy,0,0.000275,0.552941,0.905882,0.956863,0.016839,2.918037,0.000304,0.000100,-1.021422
000907.npy,0,0.000015,0.639216,0.772549,0.905882,0.042822,2.566223,0.002138,0.000650,-0.579263
000908.npy,0,0.023438,0.035294,0.196078,0.823529,0.038770,4.696826,0.002793,0.009005,-1.328848
000909.npy,0,0.068604,0.027451,0.200000,0.749020,0.013848,3.305571,0.000343,0.000597,-1.368595
000910.npy,0,0.054642,0.023529,0.192157,0.721569,0.013762,3.153949,0.000379,0.000591,-1.353729
000911.npy,0,0.052856,0.027451,0.200000,0.752941,0.013917,3.252736,0.000363,0.000596,-1.341745
000912.npy,0,0.000107,0.172549,0.690196,0.949020,0.019471,4.133649,0.000664,0.001818,-1.487067
000913.npy,1,0.046249,0.011765,0.329412,0.725490,0.078510,3.596756,0.012304,0.013582,-1.163269
000914.npy,1,0.045593,0.011765,0.337255,0.725490,0.078368,3.604355,0.012111,0.014278,-1.169956
000915.npy,0,0.048828,0.011765,0.317647,0.721569,0.077604,3.580485,0.011494,0.012580,-1.165741
000916.npy,1,0.010223,0.047059,0.427451,0.811765,0.097822,3.529084,0.018414,0.023598,-1.088305
000917.npy,0,0.000305,0.223529,0.580392,0.751569,0.027725,4.993307,0.001316,0.002599,-1.330882
000918.npy,0,0.000305,0.223529,0.592157,0.749020,0.027152,5.056489,0.001203,0.002373,-1.343122
000919.npy,0,0.000305,0.223529,0.560784,0.752941,0.028628,4.860356,0.001453,0.002736,-1.328547
000920.npy,0,0.334320,0.027451,0.066667,0.501961,0.041042,5.163225,0.003343,0.009105,-1.116371
000921.npy,0,0.008804,0.054902,0.317647,0.933333,0.048066,5.624001,0.001622,0.012344,-1.417543
000922.npy,0,0.001953,0.066667,0.309804,0.941176,0.045473,5.847876,0.001622,0.010464,-1.421690
000923.npy,0,0.009338,0.050980,0.321569,0.937255,0.047871,5.705731,0.001811,0.011288,-1.416917
000924.npy,0,0.260086,0.007843,0.925490,0.984314,0.008063,19.403580,0.000017,0.000028,-1.780308
000925.npy,0,0.005463,0.062745,0.145098,0.643137,0.025341,3.622698,0.000610,0.000841,-1.011057
000926.npy,0,0.008240,0.054902,0.141176,0.623529,0.025001,3.621295,0.000591,0.000808,-1.009592
000927.npy,0,0.011551,0.047059,0.137255,0.600000,0.024996,3.622047,0.000588,0.000829,-1.005112
000928.npy,0,0.000259,0.294118,0.713726,0.952941,0.007614,11.180828,0.000073,0.000144,-1.398379
000929.npy,0,0.000061,0.298039,0.647059,0.917647,0.036438,3.629556,0.002795,0.004259,-1.295593
000930.npy,0,0.000595,0.117647,0.498039,0.874510,0.044502,3.541887,0.004222,0.006401,-1.341085
000931.npy,0,0.000656,0.113725,0.505882,0.898039,0.041983,3.645082,0.003730,0.006088,-1.366821
000932.npy,1,0.296539,0.019608,0.152941,0.960784,0.070364,6.119750,0.020330,0.041275,-1.577818
000933.npy,0,0.243286,0.015686,0.109804,0.682353,0.021675,5.581392,0.000340,0.000830,-1.204487
000934.npy,0,0.081360,0.039216,0.105882,0.956863,0.015638,8.054586,0.000156,0.000419,-1.455520
000935.npy,0,0.248947,0.015686,0.109804,0.666667,0.021035,5.319228,0.000345,0.000790,-1.188531
000936.npy,0,0.017700,0.039216,0.254902,0.701961,0.054233,4.224565,0.004602,0.006994,-1.078643
000937.npy,0,0.000412,0.145098,0.403922,0.635294,0.017527,7.541916,0.000128,0.000343,-1.260176
000938.npy,0,0.000031,0.235294,0.537255,0.894118,0.015380,3.321999,0.000317,0.000289,-1.201294
000939.npy,0,0.001572,0.145098,0.411765,0.639216,0.017055,7.891923,0.000141,0.000247,-1.242700
000940.npy,0,0.000137,0.176471,0.423529,0.713726,0.077109,2.556696,0.009250,0.004226,-0.764075
000941.npy,0,0.079865,0.027451,0.129412,0.941176,0.011746,10.198854,0.000101,0.000067,-1.595860
000942.npy,0,0.068375,0.031373,0.631373,0.945098,0.011298,10.579093,0.000101,0.000102,-1.631394
000943.npy,0,0.089951,0.027451,0.603922,0.945098,0.011432,10.512960,0.000102,0.000095,-1.623443
000944.npy,0,0.076706,0.023529,0.270588,0.960784,0.010749,5.627405,0.000184,0.000471,-1.504782
000945.npy,0,0.372009,0.007843,0.160784,0.992157,0.013975,8.294401,0.000096,0.001607,-1.892493
000946.npy,0,0.375092,0.003922,0.207843,0.992157,0.014450,8.711556,0.000083,0.001696,-1.893227
000947.npy,0,0.360489,0.007843,0.180392,0.992157,0.014138,8.234787,0.000104,0.001669,-1.888487
000948.npy,0,0.004654,0.105882,0.537255,0.933333,0.031879,8.686277,0.000357,0.004950,-1.320369
000949.npy,0,0.225708,0.003922,0.133333,0.564706,0.015407,7.761435,0.000125,0.001126,-1.604779
000950.npy,0,0.223663,0.003922,0.137255,0.588235,0.015355,7.797262,0.000137,0.001134,-1.591350
000951.npy,0,0.232071,0.003922,0.141176,0.623529,0.015060,8.010320,0.000140,0.000962,-1.619508
000952.npy,0,0.002655,0.109804,0.650980,0.815686,0.042239,3.651809,0.002183,0.002913,-1.101832
000953.npy,0,0.000214,0.113725,0.443137,0.878431,0.018795,2.671980,0.000433,0.000149,-1.149978
000954.npy,0,0.000046,0.290196,0.545098,0.913725,0.014277,2.801093,0.000245,0.000092,-1.200664
000955.npy,0,0.000320,0.105882,0.439216,0.878431,0.018972,2.683155,0.000441,0.000156,-1.149637
000956.npy,0,0.002563,0.098039,0.419608,0.996078,0.054886,6.045362,0.005126,0.010397,-1.299831
000957.npy,1,0.052124,0.007843,0.494118,0.988235,0.263210,2.112933,0.081998,0.012786,-0.019268
000958.npy,1,0.052399,0.007843,0.498039,0.988235,0.264103,2.101390,0.081970,0.012665,-0.012991
000959.npy,1,0.050064,0.007843,0.498039,0.988235,0.262538,2.111478,0.081770,0.012565,-0.014957
000960.npy,0,0.002182,0.207843,0.364706,0.458824,0.005489,7.867192,0.000025,0.000028,-1.337770
000961.npy,0,0.005264,0.058824,0.474510,0.925490,0.017765,2.541042,0.000451,0.000246,-1.192738
000962.npy,0,0.005875,0.054902,0.439216,0.913725,0.019232,2.573251,0.000527,0.000316,-1.200168
000963.npy,0,0.009750,0.050980,0.474510,0.925490,0.018336,2.541805,0.000473,0.000269,-1.194555
000964.npy,0,0.056168,0.011765,0.529412,0.800000,0.037414,4.894808,0.003482,0.010325,-1.602784
000965.npy,0,0.017471,0.039216,0.274510,0.819608,0.031242,4.138355,0.002466,0.005178,-1.627748
000966.npy,0,0.018356,0.035294,0.274510,0.823529,0.031364,4.128344,0.002494,0.005293,-1.627244
000967.npy,0,0.016434,0.039216,0.278431,0.823529,0.031352,4.124817,0.002489,0.005245,-1.627032
000968.npy,0,0.009369,0.050980,0.223529,0.756863,0.059529,4.255554,0.007320,0.012433,-1.100849
000969.npy,0,0.001312,0.090196,0.380392,0.937255,0.056077,4.306927,0.004522,0.007879,-1.172376
000970.npy,0,0.000610,0.101961,0.400000,0.956863,0.056932,4.289950,0.004387,0.008409,-1.170616
000971.npy,0,0.000793,0.105882,0.411765,0.956863,0.058815,4.305080,0.004823,0.009556,-1.186581
000972.npy,0,0.022644,0.027451,0.321569,0.992157,0.016007,13.693794,0.000147,0.000898,-1.683725
000973.npy,0,0.157578,0.000000,0.149020,0.823529,0.022962,7.421859,0.000649,0.001866,-1.522042
000974.npy,0,0.152603,0.000000,0.164706,0.870588,0.024588,7.424847,0.000675,0.002215,-1.519982
000975.npy,0,0.103302,0.003922,0.243137,0.898039,0.028263,6.199372,0.001124,0.002529,-1.460536
000976.npy,0,0.011566,0.043137,0.282353,0.376471,0.013594,4.906278,0.000201,0.000303,-1.172158
000977.npy,0,0.007874,0.054902,0.996078,0.996078,0.005442,32.566299,0.000002,0.000007,-1.664561
000978.npy,0,0.006943,0.058824,0.996078,0.996078,0.005692,33.726959,0.000001,0.000007,-1.711617
000979.npy,0,0.001160,0.243137,0.996078,0.996078,0.004979,20.809895,0.000002,0.000004,-1.583058
000980.npy,0,0.015060,0.043137,0.152941,0.705882,0.075719,4.614980,0.006232,0.008988,-0.865066
000981.npy,0,0.000076,0.384314,0.678431,0.894118,0.042155,5.313488,0.002045,0.007478,-0.983097
000982.npy,0,0.000061,0.384314,0.678431,0.890196,0.041605,5.356319,0.001911,0.007089,-0.987659
000983.npy,0,0.000015,0.290196,0.705882,0.886275,0.032751,5.756183,0.001175,0.004200,-1.134763
000984.npy,1,0.051834,0.007843,0.494118,0.988235,0.264164,2.104150,0.082422,0.012385,0.024525
000985.npy,0,0.058899,0.000000,0.956863,0.996078,0.026935,6.435369,0.000272,0.005148,-1.558660
000986.npy,0,0.058914,0.000000,0.956863,0.996078,0.026939,6.443170,0.000274,0.005155,-1.558389
000987.npy,0,0.228989,0.000000,0.552941,0.996078,0.032237,5.616961,0.000814,0.007357,-1.553481
000988.npy,0,0.018082,0.035294,0.588235,0.870588,0.022245,10.755799,0.000089,0.001610,-1.575948
000989.npy,0,0.000122,0.156863,0.490196,0.905882,0.018367,9.017397,0.000135,0.000220,-1.537194
000990.npy,0,0.000107,0.156863,0.490196,0.905882,0.018650,8.995872,0.000135,0.000230,-1.540296
000991.npy,0,0.000229,0.168627,0.388235,0.815686,0.016665,8.534259,0.000138,0.000159,-1.440888
000992.npy,0,0.072205,0.027451,0.239216,0.835294,0.012316,5.858119,0.000163,0.000227,-1.413532
000993.npy,0,0.000732,0.109804,0.494118,0.882353,0.020309,2.474669,0.000532,0.000182,-1.113022
000994.npy,0,0.000565,0.109804,0.498039,0.874510,0.020027,2.496205,0.000512,0.000161,-1.074849
000995.npy,0,0.000702,0.105882,0.498039,0.866667,0.019978,2.484895,0.000513,0.000168,-1.079502
000996.npy,0,0.047226,0.011765,0.521569,0.843137,0.027062,11.476239,0.000093,0.005733,-1.478496
000997.npy,0,0.019424,0.039216,0.333333,0.976471,0.029562,4.996177,0.002168,0.003490,-1.721450
000998.npy,0,0.040512,0.027451,0.262745,0.976471,0.029392,4.543047,0.002207,0.003404,-1.716884
000999.npy,0,0.042480,0.031373,0.262745,0.972549,0.029527,5.266743,0.001918,0.003656,-1.736279
001000.npy,0,0.012161,0.043137,0.247059,0.666667,0.078682,3.327981,0.010256,0.008281,-0.773497
001001.npy,0,0.000031,0.180392,0.658824,0.886275,0.030776,3.362244,0.001459,0.001541,-1.110592
001002.npy,0,0.000092,0.247059,0.623529,0.858824,0.033283,3.382372,0.001685,0.001440,-1.013559
001003.npy,0,0.000031,0.188235,0.670588,0.886275,0.030682,3.383991,0.001436,0.001342,-1.091684
001004.npy,0,0.036209,0.031373,0.439216,0.811765,0.058305,3.651185,0.009314,0.012477,-1.533050
001005.npy,0,0.011795,0.047059,0.309804,0.917647,0.017161,3.081934,0.000663,0.001258,-1.406025
001006.npy,0,0.016510,0.039216,0.305882,0.913725,0.017919,3.150551,0.000754,0.001421,-1.411853
001007.npy,0,0.018478,0.039216,0.309804,0.913725,0.017926,3.093829,0.000749,0.001424,-1.394407
001008.npy,0,0.002289,0.074510,0.349020,0.890196,0.040293,6.518889,0.001262,0.002325,-1.254511
001009.npy,0,0.004074,0.070588,0.415686,0.988235,0.027038,5.505493,0.001471,0.005342,-1.605377
001010.npy,0,0.002701,0.125490,0.823529,0.992157,0.021932,6.853657,0.000522,0.004590,-1.667550
001011.npy,0,0.003693,0.074510,0.549020,0.992157,0.023109,6.313404,0.000803,0.004885,-1.670533
001012.npy,0,0.021561,0.039216,0.180392,0.884902,0.047033,4.660836,0.004369,0.007214,-1.417464
001013.npy,0,0.000183,0.152941,0.984314,0.988235,0.012700,17.358866,0.000005,0.000002,-1.460751
001014.npy,0,0.000366,0.207843,0.988235,0.992157,0.014081,14.569157,0.000004,0.000002,-1.452376
001015.npy,0,0.003647,0.082353,0.984314,0.992157,0.020066,9.347642,0.000003,0.002293,-1.475693
001016.npy,0,0.009888,0.050980,0.329412,0.741176,0.036680,6.502653,0.002297,0.008275,-1.347653
001017.npy,0,0.013992,0.039216,0.254902,0.862745,0.023317,6.387600,0.000553,0.002975,-1.711156
001018.npy,0,0.012039,0.043137,0.270588,0.854902,0.022476,6.623710,0.000540,0.002374,-1.615726
001019.npy,0,0.017242,0.035294,0.243137,0.823529,0.021467,6.611997,0.000487,0.002253,-1.679626
001020.npy,0,0.003723,0.062745,0.313726,0.847059,0.051611,5.731235,0.003601,0.011544,-1.249552
001021.npy,0,0.027695,0.035294,0.203922,0.670588,0.053332,4.129436,0.004169,0.004056,-1.086235
001022.npy,0,0.060440,0.019608,0.184314,0.658824,0.050881,4.076642,0.003888,0.003772,-1.077571
001023.npy,0,0.091187,0.019608,0.156863,0.631373,0.046509,5.018038,0.003331,0.004574,-1.140088
001024.npy,0,0.000397,0.086275,0.403922,0.956863,0.027173,8.826101,0.000571,0.005686,-1.484427
001025.npy,0,0.000137,0.105882,0.392157,0.921569,0.035157,2.802491,0.001577,0.001743,-0.953312
001026.npy,0,0.000061,0.105882,0.450980,0.882353,0.035449,2.820967,0.001604,0.001824,-0.984969
001027.npy,0,0.000046,0.160784,0.494118,0.890196,0.033548,2.793851,0.001543,0.001592,-0.978690
001028.npy,0,0.059586,0.019608,0.458824,0.945098,0.032590,8.798960,0.001791,0.006947,-1.569831
001029.npy,0,0.002945,0.082353,0.713726,0.956863,0.014448,6.448675,0.000149,0.000596,-1.510273
001030.npy,0,0.002563,0.082353,0.713726,0.956863,0.014380,6.465746,0.000145,0.000585,-1.510928
001031.npy,0,0.002136,0.392157,0.686275,0.952941,0.013142,5.379464,0.000138,0.000454,-1.366039
001032.npy,1,0.003815,0.070588,0.403922,0.847059,0.094148,3.288352,0.016416,0.013820,-1.104429
001033.npy,0,0.008362,0.054902,0.317647,0.690196,0.072269,3.312007,0.009533,0.008407,-1.137348
001034.npy,1,0.006180,0.066667,0.376471,0.800000,0.084659,3.269941,0.013434,0.011547,-1.142141
001035.npy,0,0.008469,0.054902,0.317647,0.690196,0.072244,3.311702,0.009520,0.008407,-1.137134
001036.npy,0,0.005798,0.062745,0.678431,0.756863,0.012298,19.517471,0.000025,0.000011,-1.347576
001037.npy,0,0.000381,0.192157,0.647059,0.862745,0.049331,4.919203,0.002383,0.010459,-1.203812
001038.npy,0,0.000336,0.207843,0.643137,0.882353,0.046061,5.315875,0.001729,0.007527,-1.206162
001039.npy,0,0.000320,0.192157,0.662745,0.862745,0.050212,4.876655,0.002749,0.010495,-1.186687
001040.npy,0,0.005768,0.058824,0.866667,0.933333,0.039265,6.715563,0.000241,0.009838,-1.294311
001041.npy,1,0.053955,0.031373,0.298039,0.780392,0.097217,3.411734,0.023358,0.030055,-1.265956
001042.npy,1,0.052994,0.031373,0.298039,0.780392,0.097423,3.407546,0.023001,0.030105,-1.265613
001043.npy,1,0.059143,0.031373,0.333333,0.800000,0.102891,3.274576,0.027503,0.032591,-1.266448
001044.npy,0,0.062317,0.023529,0.286275,0.878431,0.041109,6.493122,0.001894,0.007062,-1.147175
001045.npy,0,0.001984,0.129412,0.584314,0.870588,0.020597,3.450823,0.001201,0.002149,-1.687412
001046.npy,0,0.002396,0.094118,0.560784,0.878431,0.019995,3.121208,0.001141,0.001948,-1.684551
001047.npy,0,0.003525,0.082353,0.541176,0.878431,0.019854,3.003704,0.001142,0.001944,-1.679236
001048.npy,0,0.000305,0.415686,0.713726,0.960784,0.038825,3.429493,0.006440,0.008670,-1.531665
001049.npy,0,0.001999,0.098039,0.886275,0.941176,0.023554,5.974401,0.000511,0.000870,-1.402808
001050.npy,0,0.001709,0.109804,0.882353,0.937255,0.023596,6.047632,0.000530,0.000854,-1.374116
001051.npy,0,0.003479,0.074510,0.886275,0.952941,0.023079,6.289412,0.000459,0.000844,-1.481253
001052.npy,0,0.047989,0.015686,0.498039,0.996078,0.024340,7.395331,0.000830,0.004986,-1.803574
001053.npy,0,0.063553,0.019608,0.149020,0.980392,0.008336,5.655229,0.000059,0.000136,-1.658034
001054.npy,0,0.008621,0.054902,0.203922,0.980392,0.009077,6.497372,0.000051,0.000159,-1.685753
001055.npy,0,0.021271,0.039216,0.160784,0.980392,0.008136,5.641866,0.000060,0.000132,-1.638749
001056.npy,0,0.003494,0.078431,0.388235,0.811765,0.069287,3.411785,0.008655,0.008870,-1.159383
001057.npy,1,0.004669,0.078431,0.537255,0.909804,0.082891,3.249838,0.011599,0.012781,-1.084291
001058.npy,1,0.004700,0.082353,0.549020,0.901961,0.078742,3.283513,0.009875,0.012189,-1.106209
001059.npy,1,0.004898,0.082353,0.549020,0.901961,0.078814,3.285749,0.009886,0.012263,-1.106283
001060.npy,0,0.020630,0.027451,0.356863,0.878431,0.034033,4.134888,0.003201,0.005437,-1.624850
001061.npy,0,0.106094,0.003922,0.215686,0.815686,0.024579,7.026007,0.000997,0.005013,-1.695670
001062.npy,0,0.107651,0.003922,0.215686,0.811765,0.024675,7.011376,0.000963,0.004913,-1.685543
001063.npy,0,0.071320,0.003922,0.290196,0.835294,0.026711,6.569916,0.001349,0.005682,-1.666696
001064.npy,0,0.048248,0.023529,0.705882,0.968627,0.013850,8.169484,0.000135,0.000841,-1.690362
001065.npy,0,0.003937,0.082353,0.419608,0.878431,0.016743,2.642214,0.000378,0.000269,-1.137271
001066.npy,0,0.008713,0.054902,0.447059,0.886275,0.016713,2.604881,0.000381,0.000246,-1.075631
001067.npy,0,0.011551,0.047059,0.443137,0.874510,0.016659,2.592080,0.000380,0.000237,-1.077673
001068.npy,0,0.004120,0.066667,0.160784,0.541176,0.015802,9.744318,0.000126,0.000709,-1.132688
001069.npy,0,0.024246,0.043137,0.301961,0.745098,0.054014,5.440524,0.006391,0.014252,-1.275865
001070.npy,0,0.018112,0.043137,0.298039,0.776471,0.059356,5.415405,0.008489,0.017996,-1.232511
001071.npy,0,0.018066,0.043137,0.286275,0.772549,0.063081,5.211403,0.009435,0.019531,-1.195408
001072.npy,0,0.014374,0.043137,0.423529,0.913725,0.043866,5.841715,0.002831,0.012344,-1.314365
001073.npy,0,0.019272,0.039216,0.368627,0.996078,0.061553,4.809657,0.007786,0.019920,-1.286008
001074.npy,0,0.014572,0.043137,0.321569,0.996078,0.060398,4.922121,0.007431,0.020862,-1.284475
001075.npy,1,0.018433,0.039216,0.356863,0.996078,0.060946,4.831511,0.007872,0.020791,-1.290240
001076.npy,0,0.000549,0.164706,0.529412,0.858824,0.066199,3.475628,0.007141,0.007965,-1.149644
001077.npy,0,0.002182,0.074510,0.235294,0.435294,0.048634,3.061189,0.003606,0.002752,-0.908135
001078.npy,0,0.002182,0.070588,0.231373,0.972549,0.049491,3.172463,0.003662,0.002671,-1.080108
001079.npy,0,0.002075,0.074510,0.243137,0.984314,0.049420,3.311876,0.003694,0.002816,-1.160893
001080.npy,0,0.000473,0.184314,0.866667,0.980392,0.042395,6.295889,0.002574,0.009565,-1.365407
001081.npy,0,0.004913,0.066667,0.501961,0.968627,0.008062,2.480362,0.000124,0.000047,-1.300998
001082.npy,0,0.005554,0.066667,0.568627,0.972549,0.008026,2.550463,0.000135,0.000066,-1.309872
001083.npy,0,0.005295,0.062745,0.501961,0.968627,0.008186,2.500658,0.000126,0.000048,-1.295702
001084.npy,0,0.504807,0.003922,0.047059,0.866667,0.017460,6.927321,0.000236,0.002500,-1.747504
001085.npy,0,0.331848,0.000000,0.141176,0.839216,0.021269,5.274015,0.000812,0.003820,-1.519042
001086.npy,0,0.501968,0.000000,0.047059,0.796078,0.016411,6.467141,0.000211,0.002520,-1.570686
001087.npy,0,0.482224,0.000000,0.058824,0.780392,0.016751,6.348167,0.000265,0.002606,-1.580208
001088.npy,0,0.004303,0.074510,0.686275,0.976471,0.044016,5.549584,0.006722,0.020722,-1.576235
001089.npy,0,0.006134,0.064118,0.592157,0.972549,0.035701,5.366977,0.004286,0.012913,-1.684060
001090.npy,0,0.007690,0.054902,0.498039,0.831373,0.033009,5.106090,0.003625,0.011246,-1.705302
001091.npy,0,0.008133,0.054902,0.552941,0.976471,0.040031,4.977835,0.005417,0.014192,-1.690779
001092.npy,0,0.003540,0.078431,0.403922,0.941176,0.051660,5.278100,0.006389,0.011706,-1.491218
001093.npy,0,0.138779,0.015686,0.125490,0.698039,0.012249,4.661569,0.000283,0.000641,-1.522905
001094.npy,0,0.129745,0.019608,0.129412,0.698039,0.012149,4.688810,0.000281,0.000651,-1.519714
001095.npy,0,0.130142,0.015686,0.129412,0.698039,0.012257,4.650099,0.000290,0.000688,-1.521152
001096.npy,0,0.029068,0.007843,0.396078,0.803922,0.044071,5.246921,0.003468,0.009060,-1.226157
001097.npy,0,0.224670,0.003922,0.196078,0.674510,0.036196,6.899413,0.001146,0.008893,-1.090768
001098.npy,0,0.322342,0.003922,0.180392,0.670588,0.033442,7.510677,0.000708,0.008755,-1.098904
001099.npy,0,0.361267,0.003922,0.184314,0.674510,0.033227,7.557864,0.000693,0.008876,-1.138491
001100.npy,0,0.000137,0.176471,0.839216,0.941176,0.053894,5.147199,0.004996,0.010164,-1.150649
001101.npy,0,0.000061,0.549020,0.945098,0.960784,0.006099,21.135900,0.000011,0.000004,-1.114710
001102.npy,0,0.000107,0.184314,0.945098,0.964706,0.024537,8.494787,0.000008,0.000247,-1.106163
001103.npy,0,0.000107,0.200000,0.945098,0.964706,0.022974,8.996548,0.000009,0.000005,-1.102422
001104.npy,0,0.000427,0.176471,0.607843,0.796078,0.018407,13.193801,0.000008,0.000003,-1.030347
001105.npy,0,0.178726,0.011765,0.090196,0.580392,0.031958,6.597887,0.000892,0.003375,-1.128812
001106.npy,0,0.149307,0.011765,0.105882,0.592157,0.037614,6.393887,0.001145,0.004360,-1.075491
001107.npy,0,0.056717,0.027451,0.137255,0.784314,0.041429,5.880990,0.001308,0.005329,-1.150441
001108.npy,0,0.001648,0.090196,0.784314,0.901961,0.062494,5.656288,0.004126,0.022970,-1.159052
001109.npy,0,0.016235,0.043137,0.823529,0.937255,0.049506,7.141927,0.000730,0.019548,-1.235507
001110.npy,1,0.019836,0.039216,0.643137,0.937255,0.058122,6.270925,0.001756,0.029025,-1.239645
001111.npy,0,0.019043,0.043137,0.831373,0.945098,0.049499,7.186493,0.000777,0.019277,-1.240230
001112.npy,0,0.017349,0.027451,0.325490,0.952941,0.029342,9.355707,0.000173,0.001757,-1.351268
001113.npy,0,0.164398,0.000000,0.443137,0.827451,0.023833,6.967826,0.000432,0.003352,-1.632639
001114.npy,0,0.207031,0.000000,0.400000,0.811765,0.022553,7.295322,0.000347,0.002957,-1.646742
001115.npy,0,0.147110,0.003922,0.458824,0.835294,0.024265,6.885685,0.000561,0.003130,-1.632610
001116.npy,0,0.053085,0.003922,0.337255,0.937255,0.044377,4.791541,0.004291,0.012592,-1.844165
001117.npy,0,0.000061,0.345098,0.517647,0.800000,0.025842,4.615284,0.000581,0.002606,-1.501830
001118.npy,0,0.000061,0.337255,0.513726,0.800000,0.024946,4.909819,0.000516,0.002168,-1.484656
001119.npy,0,0.000107,0.329412,0.533333,0.807843,0.025474,4.765399,0.000623,0.002259,-1.505241
001120.npy,0,0.000412,0.152941,0.686275,0.803922,0.029116,8.286108,0.000161,0.004986,-1.065809
001121.npy,0,0.036438,0.031373,0.176471,0.792157,0.052981,5.685317,0.003673,0.019402,-1.273937
001122.npy,0,0.039658,0.031373,0.172549,0.792157,0.058453,5.334261,0.006487,0.022074,-1.225387
001123.npy,0,0.037857,0.031373,0.172549,0.784314,0.053379,5.631034,0.003992,0.017044,-1.267509
001124.npy,0,0.047089,0.031373,0.117647,0.733333,0.016324,5.405144,0.000332,0.001154,-1.553177
001125.npy,0,0.005234,0.098039,0.349020,0.835294,0.030081,5.828763,0.001941,0.003974,-1.513832
001126.npy,0,0.005417,0.098039,0.356863,0.894118,0.032520,6.631667,0.002087,0.004736,-1.477141
001127.npy,0,0.005310,0.098039,0.360784,0.917647,0.033154,6.626759,0.002202,0.005192,-1.493247
001128.npy,0,0.004730,0.070588,0.650980,0.850980,0.013202,12.985014,0.000049,0.000230,-1.574933
001129.npy,0,0.029358,0.023529,0.415686,0.772549,0.018554,7.186850,0.000446,0.001747,-1.697611
001130.npy,0,0.034775,0.015686,0.384314,0.717647,0.016517,6.953937,0.000331,0.001462,-1.715014
001131.npy,0,0.024490,0.027451,0.427451,0.772549,0.018265,7.164297,0.000450,0.001782,-1.671900
001132.npy,1,0.060257,0.000000,0.549020,0.992157,0.090647,4.933974,0.018588,0.059260,-1.283143
001133.npy,1,0.134995,0.000000,0.486275,0.949020,0.080635,4.843277,0.018190,0.042701,-1.267255
001134.npy,1,0.115189,0.000000,0.505882,0.945098,0.080071,4.856642,0.016719,0.039891,-1.264775
001135.npy,1,0.108719,0.000000,0.549020,0.945098,0.078280,4.966209,0.014897,0.036196,-1.258714
001136.npy,0,0.008606,0.050980,0.160784,0.776471,0.054159,4.490711,0.007138,0.018488,-1.523216
001137.npy,0,0.003845,0.062745,0.572549,0.909804,0.042875,5.549131,0.000922,0.012694,-1.596350
001138.npy,0,0.004349,0.058824,0.607843,0.909804,0.041756,5.692702,0.000516,0.012456,-1.570869
001139.npy,0,0.012039,0.047059,0.603922,0.905882,0.042170,5.686625,0.000514,0.012739,-1.570419
001140.npy,0,0.016785,0.035294,0.368627,0.682353,0.028055,8.249888,0.000500,0.002672,-1.163816
001141.npy,0,0.000381,0.250980,0.647059,0.917647,0.028758,5.191389,0.001281,0.001595,-1.021448
001142.npy,0,0.000015,0.270588,0.639216,0.917647,0.029997,5.122685,0.001452,0.001626,-0.977982
001143.npy,0,0.000824,0.188235,0.650980,0.941176,0.027837,5.268345,0.001225,0.001534,-1.076205
001144.npy,0,0.011246,0.043137,0.454902,0.815686,0.057433,4.721766,0.006344,0.011404,-1.344690
001145.npy,0,0.068115,0.031373,0.603922,0.717647,0.044737,6.845973,0.005628,0.025989,-1.481970
001146.npy,0,0.066711,0.031373,0.596078,0.705882,0.042304,7.122926,0.004813,0.024205,-1.486809
001147.npy,0,0.074509,0.027451,0.556863,0.678431,0.042307,6.885907,0.005608,0.021677,-1.470748
001148.npy,0,0.006302,0.058824,0.309804,0.545098,0.051041,4.091695,0.004108,0.005682,-1.030623
001149.npy,1,0.007874,0.058824,0.329412,0.839216,0.079319,4.201744,0.011437,0.017628,-1.109307
001150.npy,1,0.007690,0.058824,0.329412,0.839216,0.079570,4.209995,0.011598,0.017609,-1.112543
001151.npy,1,0.008072,0.056275,0.329412,0.839216,0.079562,4.216773,0.011618,0.017489,-1.112678
001152.npy,1,0.001541,0.070588,0.513726,0.988235,0.074326,4.279746,0.013101,0.022880,-1.295798
001153.npy,0,0.002960,0.066667,0.352941,0.976471,0.046629,4.757318,0.003151,0.007203,-1.405085
001154.npy,0,0.002396,0.070588,0.501961,0.976471,0.044392,4.963524,0.002256,0.005749,-1.379522
001155.npy,0,0.003723,0.062745,0.435294,0.968627,0.043578,4.633739,0.002613,0.006224,-1.400615
001156.npy,0,0.133575,0.023529,0.121569,0.937255,0.040861,6.960166,0.001506,0.013485,-1.586030
001157.npy,0,0.001328,0.078431,0.196078,0.764706,0.036792,2.566943,0.001562,0.001032,-0.955351
001158.npy,0,0.001541,0.074510,0.188235,0.752941,0.036313,2.573570,0.001484,0.001009,-0.884115
001159.npy,0,0.002075,0.070588,0.184314,0.752941,0.036974,2.554365,0.001563,0.000991,-0.895345
001160.npy,0,0.001968,0.113725,0.564706,0.913725,0.012484,3.017001,0.000398,0.000568,-1.391819
001161.npy,0,0.001114,0.113725,0.596078,0.968627,0.017224,2.988210,0.000756,0.001141,-1.366342
001162.npy,0,0.000732,0.160784,0.658824,0.964706,0.016958,3.155922,0.000515,0.000979,-1.257222
001163.npy,0,0.000839,0.149020,0.643137,0.960784,0.016857,3.132005,0.000601,0.000988,-1.290682
001164.npy,0,0.100098,0.007843,0.133333,0.572549,0.034147,5.556812,0.000983,0.001202,-1.106526
001165.npy,0,0.000076,0.254902,0.752941,0.976471,0.018602,6.460748,0.000347,0.001971,-1.559471
001166.npy,0,0.000076,0.254902,0.752941,0.976471,0.018612,6.444129,0.000348,0.001966,-1.559287
001167.npy,0,0.000076,0.282353,0.760784,0.976471,0.019448,6.470212,0.000428,0.001689,-1.551429
001168.npy,0,0.098907,0.027451,0.082353,0.537255,0.025845,7.228975,0.000491,0.001394,-1.207399
001169.npy,0,0.000168,0.138627,0.317647,0.576471,0.038487,3.320514,0.001710,0.001471,-1.021121
001170.npy,0,0.000168,0.137255,0.317647,0.580392,0.038969,3.308627,0.001772,0.001501,-1.028024
001171.npy,0,0.000153,0.133333,0.321569,0.580392,0.040518,3.301429,0.001972,0.001789,-1.021909
001172.npy,0,0.086472,0.007843,0.352941,0.980392,0.019580,4.641333,0.000794,0.001561,-1.637054
001173.npy,0,0.000122,0.333333,0.725490,0.992157,0.016578,4.068074,0.000760,0.001872,-1.751484
001174.npy,0,0.000183,0.223529,0.686275,0.984314,0.020039,3.750262,0.001184,0.002596,-1.746785
001175.npy,0,0.000214,0.362157,0.749020,0.992157,0.016089,4.051094,0.000737,0.001607,-1.694808
001176.npy,1,0.000687,0.105882,0.364706,0.831373,0.092409,3.768103,0.016775,0.013357,-1.037670
001177.npy,0,0.030167,0.027451,0.333333,0.964706,0.047928,6.791209,0.002725,0.010160,-1.330763
001178.npy,0,0.018204,0.039216,0.305882,0.952941,0.039649,6.429490,0.002474,0.006042,-1.412145
001179.npy,0,0.027771,0.028824,0.313726,0.956863,0.036038,7.003625,0.001864,0.005132,-1.397056
001180.npy,0,0.004929,0.058824,0.301961,0.803922,0.064494,4.344037,0.009450,0.016202,-1.212226
001181.npy,0,0.000122,0.184314,0.415686,0.874510,0.050078,4.319596,0.003543,0.006556,-1.267829
001182.npy,0,0.000092,0.168627,0.419608,0.870588,0.051507,4.338670,0.003931,0.006421,-1.249758
001183.npy,0,0.000107,0.188235,0.419608,0.874510,0.050198,4.264094,0.003611,0.005515,-1.263236
001184.npy,0,0.001251,0.117647,0.549020,0.898039,0.059612,3.526649,0.006530,0.007910,-1.312597
001185.npy,0,0.000443,0.129412,0.388235,0.811765,0.048376,3.832901,0.005520,0.007826,-1.430012
001186.npy,0,0.000565,0.117647,0.380392,0.823529,0.045986,3.996797,0.004855,0.007325,-1.436567
001187.npy,0,0.000458,0.113725,0.372549,0.815686,0.048888,3.855225,0.005426,0.007626,-1.429009
001188.npy,0,0.003723,0.082353,0.572549,0.945098,0.073096,3.853974,0.007333,0.011840,-1.067538
001189.npy,1,0.001099,0.094118,0.407843,0.827451,0.070366,4.279732,0.011593,0.016259,-1.043191
001190.npy,1,0.000992,0.086275,0.396078,0.831373,0.067762,4.479452,0.010895,0.017396,-1.054543
001191.npy,1,0.000946,0.098039,0.400000,0.823529,0.073701,4.122434,0.012139,0.016157,-1.042755
001192.npy,0,0.000092,0.407843,0.909804,0.984314,0.012041,8.343756,0.000163,0.000376,-1.692245
001193.npy,0,0.000122,0.925490,0.956863,0.980392,0.004398,2.599659,0.000020,0.000012,-1.535450
001194.npy,0,0.000122,0.831373,0.964706,0.984314,0.004791,4.043864,0.000021,0.000015,-1.577031
001195.npy,0,0.000122,0.819608,0.964706,0.984314,0.004901,4.226079,0.000021,0.000015,-1.587306
001196.npy,0,0.008194,0.070588,0.607843,0.960784,0.009595,4.537221,0.000176,0.000557,-1.647960
001197.npy,0,0.002853,0.070588,0.352941,0.580392,0.019083,2.574903,0.000446,0.000169,-1.077079
001198.npy,0,0.000458,0.125490,0.549020,0.898039,0.030222,2.533658,0.001128,0.000432,-0.938447
001199.npy,0,0.004547,0.062745,0.317647,0.749020,0.014490,2.696162,0.000250,0.000111,-1.242360
001200.npy,0,0.003830,0.074510,0.486275,0.996078,0.038430,3.724971,0.003391,0.006536,-1.582679
001201.npy,0,0.006622,0.094118,0.419608,0.862745,0.025389,4.978585,0.000960,0.001262,-1.494634
001202.npy,0,0.007126,0.054902,0.427451,0.882353,0.028358,4.503755,0.001234,0.001501,-1.474776
001203.npy,0,0.013580,0.035294,0.443137,0.882353,0.024668,3.875876,0.001087,0.001284,-1.466183
001204.npy,0,0.020447,0.039216,0.356863,0.666667,0.049794,5.237886,0.008723,0.015276,-1.191763
001205.npy,0,0.005066,0.058824,0.411765,0.894118,0.023006,2.459815,0.000671,0.000167,-0.914278
001206.npy,0,0.000076,0.478431,0.537255,0.619608,0.004173,2.739883,0.000015,0.000004,-1.277649
001207.npy,0,0.013046,0.047059,0.415686,0.913725,0.023719,2.479074,0.000723,0.000192,-0.922076
001208.npy,0,0.000076,0.294118,0.619608,0.858824,0.085539,2.564474,0.009100,0.002573,-0.635816
001209.npy,0,0.004715,0.101961,0.462745,0.741176,0.063190,4.319583,0.006511,0.009944,-1.013782
001210.npy,0,0.005127,0.094118,0.462745,0.745098,0.066725,4.238633,0.007305,0.010982,-0.992031
001211.npy,0,0.003815,0.113725,0.462745,0.733333,0.062981,4.226910,0.006671,0.009722,-1.011653
001212.npy,0,0.117538,0.011765,0.219608,0.819608,0.064155,4.266518,0.009513,0.017308,-1.494785
001213.npy,1,0.021866,0.039216,0.564706,0.968627,0.081281,4.801418,0.016851,0.036634,-1.180386
001214.npy,1,0.029678,0.031373,0.494118,0.964706,0.077311,4.984113,0.013699,0.035404,-1.198742
001215.npy,1,0.030228,0.031373,0.450980,0.960784,0.076436,5.005642,0.014515,0.034403,-1.189642
001216.npy,0,0.007172,0.050980,0.262745,0.580392,0.048895,4.176203,0.004185,0.005967,-1.088381
001217.npy,0,0.008408,0.050980,0.117647,0.662745,0.034975,6.030252,0.001223,0.004784,-1.172600
001218.npy,0,0.010483,0.047059,0.113725,0.650980,0.034598,6.021329,0.001308,0.004846,-1.168532
001219.npy,0,0.009644,0.050980,0.117647,0.662745,0.035031,6.005418,0.001222,0.004803,-1.173135
001220.npy,0,0.000732,0.603922,0.745098,0.854902,0.017933,2.811113,0.000372,0.000176,-1.102724
001221.npy,0,0.008835,0.050980,0.286275,0.682353,0.037782,5.012919,0.002907,0.005589,-1.392157
001222.npy,0,0.008804,0.050980,0.286275,0.678431,0.037686,5.011584,0.002895,0.005558,-1.392276
001223.npy,0,0.011688,0.047059,0.301961,0.682353,0.040458,4.740797,0.003554,0.006590,-1.400996
001224.npy,1,0.011154,0.047059,0.317647,0.850980,0.111812,3.297369,0.017963,0.017893,-0.787923
001225.npy,0,0.005951,0.070588,0.686275,0.980392,0.012635,3.299286,0.000343,0.000605,-1.428718
001226.npy,0,0.005844,0.070588,0.686275,0.976471,0.012643,3.318952,0.000346,0.000602,-1.429211
001227.npy,0,0.000824,0.105882,0.847059,0.980392,0.012043,3.800876,0.000255,0.000603,-1.490321
001228.npy,0,0.035110,0.035294,0.121569,0.560784,0.011197,4.983831,0.000134,0.000058,-1.341831
001229.npy,0,0.120972,0.019608,0.090196,0.831373,0.046027,7.258694,0.005845,0.022700,-1.535259
001230.npy,0,0.121887,0.019608,0.090196,0.831373,0.044688,7.204462,0.004976,0.020832,-1.535158
001231.npy,0,0.101501,0.023529,0.094118,0.831373,0.044269,7.239535,0.004917,0.022414,-1.530846
001232.npy,1,0.113785,0.003922,0.360784,0.917647,0.070200,4.495883,0.014141,0.025887,-1.537443
001233.npy,0,0.003479,0.117647,0.403922,0.729412,0.020168,3.791611,0.001301,0.002046,-1.656608
001234.npy,0,0.003036,0.113725,0.360784,0.678431,0.017850,3.869757,0.001032,0.001579,-1.654582
001235.npy,0,0.003845,0.090196,0.360784,0.698039,0.017988,3.807283,0.000996,0.001769,-1.686260
001236.npy,0,0.154221,0.027451,0.082353,0.596078,0.052147,6.612531,0.003053,0.010149,-0.861618
001237.npy,0,0.121185,0.011765,0.113725,0.666667,0.023442,6.139734,0.001063,0.001960,-1.531630
001238.npy,0,0.057205,0.023529,0.152941,0.458824,0.029375,4.665338,0.001834,0.002738,-1.362404
001239.npy,0,0.095032,0.015686,0.129412,0.694118,0.023943,6.202106,0.001171,0.002020,-1.508963
001240.npy,0,0.006912,0.054902,0.643137,0.945098,0.037526,6.743248,0.001170,0.006157,-1.374068
001241.npy,0,0.086075,0.015686,0.443137,0.941176,0.047673,5.793749,0.002653,0.010152,-1.151689
001242.npy,0,0.102112,0.019608,0.270588,0.941176,0.043316,7.360775,0.001155,0.010441,-1.208119
001243.npy,0,0.079407,0.015686,0.482353,0.941176,0.048465,5.623691,0.002747,0.009859,-1.152246
001244.npy,0,0.010635,0.047059,0.890196,0.996078,0.043007,7.890008,0.002121,0.015905,-1.397732
001245.npy,0,0.025848,0.031373,0.298039,0.898039,0.035532,4.249507,0.003231,0.006043,-1.539890
001246.npy,0,0.022736,0.031373,0.286275,0.896667,0.033029,3.858998,0.002814,0.005323,-1.540129
001247.npy,0,0.024384,0.031373,0.290196,0.898039,0.034276,4.037405,0.003234,0.006192,-1.549268
001248.npy,0,0.097092,0.015686,0.196078,0.792157,0.042815,6.145471,0.003093,0.008801,-1.353238
001249.npy,0,0.000916,0.243137,0.635294,0.956863,0.024566,3.887399,0.000879,0.001096,-1.342965
001250.npy,0,0.000824,0.243137,0.639216,0.952941,0.024285,3.899820,0.000878,0.001089,-1.335181
001251.npy,0,0.000854,0.243137,0.635294,0.956863,0.024533,3.891489,0.000878,0.001092,-1.342787
001252.npy,0,0.003754,0.054902,0.219608,0.568627,0.042978,4.455593,0.003054,0.004421,-1.136200
001253.npy,0,0.000137,0.215686,0.505882,0.901961,0.025600,4.838876,0.001480,0.002957,-1.423578
001254.npy,0,0.000565,0.227451,0.505882,0.913725,0.028392,8.496992,0.001514,0.003040,-1.388179
001255.npy,0,0.000153,0.211765,0.454902,0.874510,0.021097,5.484064,0.001004,0.002169,-1.475309
001256.npy,0,0.002396,0.074510,0.282353,0.619608,0.033426,4.685841,0.001387,0.002869,-1.080352
001257.npy,0,0.000015,0.482353,0.588235,0.717647,0.004857,2.708056,0.000020,0.000005,-1.156798
001258.npy,0,0.000046,0.196078,0.564706,0.819608,0.008862,16.423412,0.000018,0.000005,-1.223954
001259.npy,0,0.000015,0.486275,0.592157,0.717647,0.004835,2.720379,0.000020,0.000005,-1.157244
001260.npy,1,0.018311,0.043137,0.160784,0.850980,0.101936,4.272620,0.015771,0.023050,-0.905070
001261.npy,0,0.197800,0.007843,0.086275,0.831373,0.013682,9.032973,0.000178,0.000401,-1.681358
001262.npy,0,0.222717,0.007843,0.082353,0.839216,0.013190,8.905828,0.000181,0.000429,-1.672984
001263.npy,0,0.203018,0.007843,0.086275,0.803922,0.013274,9.040940,0.000171,0.000375,-1.698240
001264.npy,0,0.013000,0.047059,0.717647,0.898039,0.042143,7.909714,0.000540,0.016135,-1.426818
001265.npy,0,0.190079,0.023529,0.094118,0.964706,0.016447,8.703236,0.000180,0.000228,-1.385097
001266.npy,0,0.194885,0.027451,0.101961,0.909804,0.015818,8.863760,0.000166,0.000241,-1.376035
001267.npy,0,0.234695,0.023529,0.098039,0.874510,0.014577,12.928154,0.000123,0.000100,-1.500547
001268.npy,0,0.001328,0.070588,0.270588,0.941176,0.014473,2.743191,0.000353,0.000224,-1.209378
001269.npy,0,0.004181,0.074510,0.705882,0.992157,0.005661,3.267489,0.000084,0.000245,-1.634859
001270.npy,0,0.003098,0.113725,0.764706,0.984314,0.005459,3.407653,0.000068,0.000252,-1.641074
001271.npy,0,0.004379,0.074510,0.705882,0.996078,0.005728,3.247743,0.000081,0.000249,-1.637311
001272.npy,0,0.066254,0.007843,0.270588,0.705882,0.046789,4.351900,0.006310,0.011687,-1.500847
001273.npy,0,0.250610,0.000000,0.262745,0.674510,0.040230,4.795928,0.003784,0.007199,-1.557385
001274.npy,0,0.232956,0.000000,0.235294,0.666667,0.039826,4.374637,0.004044,0.007436,-1.541677
001275.npy,0,0.253128,0.000000,0.262745,0.674510,0.040041,4.795620,0.003908,0.007883,-1.557732
001276.npy,0,0.025421,0.035294,0.341176,0.862745,0.065220,5.038354,0.009000,0.017618,-1.272159
001277.npy,0,0.000122,0.211765,0.654902,0.976471,0.042627,5.576952,0.003901,0.010830,-1.385982
001278.npy,0,0.000122,0.211765,0.639216,0.996078,0.043374,5.385546,0.004269,0.010437,-1.347424
001279.npy,0,0.000122,0.207843,0.639216,0.996078,0.043520,5.402882,0.004319,0.010496,-1.347407
001280.npy,1,0.000809,0.101961,0.588235,0.909804,0.113065,2.845954,0.023196,0.015458,-1.076754
001281.npy,0,0.003967,0.062745,0.223529,0.564706,0.073685,2.959060,0.006504,0.006474,-0.681183
001282.npy,0,0.002228,0.074510,0.243137,0.580392,0.076866,2.882832,0.007545,0.006640,-0.685352
001283.npy,0,0.002991,0.066667,0.223529,0.560784,0.071661,2.986628,0.006044,0.006115,-0.683764
001284.npy,0,0.000381,0.197451,0.682353,0.964706,0.024797,4.206886,0.001697,0.004239,-1.771094
001285.npy,1,0.000198,0.223529,0.517647,0.788235,0.103763,2.468537,0.012499,0.003653,-0.331551
001286.npy,1,0.000061,0.258824,0.537255,0.807843,0.100580,2.510220,0.011764,0.003584,-0.349613
001287.npy,1,0.000015,0.270588,0.545098,0.807843,0.098730,2.495866,0.011481,0.003402,-0.338151
001288.npy,0,0.477295,0.015686,0.050980,0.933333,0.012282,8.208613,0.000057,0.000084,-1.657968
001289.npy,0,0.176926,0.011765,0.117647,0.600000,0.071207,3.882316,0.008958,0.012430,-0.967506
001290.npy,0,0.162720,0.007843,0.121569,0.607843,0.074152,3.838198,0.010050,0.013573,-0.947282
001291.npy,0,0.187332,0.007843,0.121569,0.611765,0.076367,3.755727,0.010617,0.013538,-0.946828
001292.npy,0,0.002289,0.070588,0.274510,0.745098,0.052766,5.010537,0.005288,0.007493,-1.292445
001293.npy,0,0.002167,0.066667,0.117647,0.784314,0.025550,13.578082,0.000328,0.000190,-1.251868
001294.npy,0,0.001984,0.066667,0.113725,0.701961,0.022080,11.884193,0.000317,0.000172,-1.191054
001295.npy,0,0.001846,0.066667,0.117647,0.752941,0.023925,13.279665,0.000325,0.000176,-1.220702
001296.npy,0,0.001236,0.168627,0.533333,0.772549,0.023985,3.930891,0.001443,0.002959,-1.799504
001297.npy,0,0.000092,0.352941,0.545098,0.984314,0.016441,4.452766,0.000571,0.001399,-1.657946
001298.npy,0,0.000076,0.278431,0.494118,0.980392,0.018033,4.522622,0.000698,0.001453,-1.652465
001299.npy,0,0.001007,0.262745,0.607843,0.874510,0.018874,4.669261,0.000676,0.001708,-1.626930
001300.npy,0,0.002426,0.121569,0.564706,0.858824,0.009160,14.440423,0.000018,0.000220,-1.619384
001301.npy,0,0.001587,0.113725,0.596078,0.941176,0.013808,2.451351,0.000256,0.000084,-1.153447
001302.npy,0,0.001160,0.117647,0.600000,0.941176,0.013731,2.456847,0.000253,0.000082,-1.153606
001303.npy,0,0.001129,0.121569,0.584314,0.925490,0.015343,2.458198,0.000307,0.000099,-1.114569
001304.npy,0,0.013062,0.031373,0.854902,0.925490,0.042175,7.922527,0.001051,0.001833,-1.249939
001305.npy,0,0.000153,0.325490,0.803922,0.960784,0.063205,3.878162,0.005872,0.009375,-0.972470
001306.npy,0,0.000214,0.274510,0.784314,0.960784,0.066794,3.738055,0.006442,0.009505,-1.018047
001307.npy,0,0.000122,0.356863,0.800000,0.945098,0.058556,3.825254,0.005177,0.006949,-0.990940
001308.npy,1,0.375488,0.011765,0.070588,0.764706,0.065127,4.791680,0.008830,0.024460,-1.274507
001309.npy,0,0.464767,0.011765,0.054902,0.705882,0.057549,5.216878,0.005982,0.015932,-1.172088
001310.npy,0,0.537811,0.007843,0.043137,0.698039,0.050734,5.878458,0.003258,0.013977,-1.182409
001311.npy,0,0.509674,0.007843,0.047059,0.666667,0.054445,5.380599,0.004579,0.014487,-1.158629
001312.npy,1,0.006332,0.066667,0.498039,0.964706,0.142455,3.212773,0.027887,0.024558,-0.713533
001313.npy,1,0.009537,0.050980,0.396078,0.996078,0.099945,4.182739,0.018903,0.037489,-0.870387
001314.npy,1,0.009689,0.050980,0.396078,0.996078,0.100088,4.183127,0.018470,0.039061,-0.871776
001315.npy,1,0.009277,0.050980,0.392157,0.996078,0.101574,4.145469,0.020387,0.037545,-0.860584
001316.npy,0,0.012634,0.047059,0.592157,0.701961,0.022444,15.329837,0.000085,0.000054,-1.285928
001317.npy,0,0.020569,0.035294,0.498039,0.541176,0.025633,10.495692,0.000134,0.008932,-1.341339
001318.npy,0,0.020813,0.035294,0.498039,0.541176,0.025594,10.466693,0.000133,0.008929,-1.341259
001319.npy,0,0.040497,0.031373,0.486275,0.529412,0.029359,9.306303,0.000695,0.013391,-1.317488
001320.npy,0,0.161423,0.000000,0.235294,0.682353,0.016982,3.548410,0.000394,0.000253,-1.285288
001321.npy,0,0.766556,0.000000,0.011765,0.658824,0.013544,7.600021,0.000030,0.000609,-1.411676
001322.npy,0,0.758865,0.000000,0.011765,0.662745,0.014100,7.623378,0.000031,0.000661,-1.430165
001323.npy,0,0.766281,0.000000,0.003922,0.368627,0.008516,8.360905,0.000009,0.000271,-1.502775
001324.npy,0,0.000015,0.749020,0.858824,0.949020,0.015748,2.664552,0.000307,0.000140,-0.764873
001325.npy,0,0.187408,0.019608,0.121569,0.819608,0.049983,6.783909,0.002804,0.013546,-1.173726
001326.npy,0,0.137695,0.023529,0.145098,0.835294,0.053573,6.297062,0.004040,0.017775,-1.192650
001327.npy,0,0.121063,0.023529,0.149020,0.827451,0.055398,6.125673,0.004840,0.015484,-1.166132
001328.npy,0,0.007004,0.058824,0.458824,0.933333,0.015529,8.757200,0.000257,0.000673,-1.542438
001329.npy,0,0.214111,0.003922,0.203922,0.862745,0.012660,4.649055,0.000273,0.000576,-1.413058
001330.npy,0,0.256622,0.007843,0.188235,0.827451,0.014563,4.937838,0.000309,0.000637,-1.384243
001331.npy,0,0.256516,0.007843,0.188235,0.827451,0.014573,4.947355,0.000315,0.000628,-1.383252
001332.npy,1,0.050095,0.035294,0.345098,0.996078,0.072024,5.181584,0.010455,0.020079,-1.189265
001333.npy,0,0.000137,0.231373,0.482353,0.749020,0.081906,2.994207,0.008304,0.005181,-0.573692
001334.npy,0,0.000122,0.239216,0.482353,0.749020,0.081717,2.986165,0.008414,0.005020,-0.565596
001335.npy,0,0.000092,0.262745,0.498039,0.756863,0.079546,2.984420,0.007986,0.004911,-0.564250
001336.npy,0,0.002090,0.145098,0.513726,0.964706,0.031428,4.390844,0.001634,0.002040,-1.309369
001337.npy,0,0.002502,0.074510,0.364706,0.678431,0.041884,4.020571,0.002998,0.004080,-1.311918
001338.npy,0,0.002472,0.074510,0.364706,0.666667,0.041389,4.006138,0.002944,0.003846,-1.307654
001339.npy,0,0.000977,0.094118,0.360784,0.643137,0.042265,3.901080,0.003082,0.003603,-1.269923
001340.npy,0,0.010101,0.047059,0.639216,0.964706,0.025443,3.611917,0.001583,0.003095,-1.452177
001341.npy,0,0.003265,0.098039,0.521569,0.968627,0.008259,2.848840,0.000153,0.000173,-1.374573
001342.npy,0,0.003723,0.090196,0.525490,0.968627,0.008211,2.784981,0.000153,0.000169,-1.376935
001343.npy,0,0.005707,0.070588,0.494118,0.964706,0.007339,2.724800,0.000125,0.000136,-1.428227
001344.npy,0,0.000305,0.090196,0.705882,0.878431,0.049016,6.906686,0.001687,0.021873,-1.284577
001345.npy,0,0.000122,0.270588,0.674510,0.878431,0.063580,3.566611,0.004778,0.006540,-1.007565
001346.npy,0,0.000122,0.266667,0.682353,0.882353,0.062465,3.631302,0.004454,0.006565,-1.015532
001347.npy,0,0.004211,0.086275,0.658824,0.874510,0.060483,3.794963,0.004225,0.006039,-1.095433
001348.npy,0,0.071976,0.011765,0.274510,0.874510,0.023098,3.884810,0.001727,0.003990,-1.667444
001349.npy,0,0.002716,0.164706,0.764706,0.984314,0.010054,5.853809,0.000085,0.000038,-1.210325
001350.npy,0,0.000595,0.168627,0.364706,0.960784,0.021818,2.551219,0.000630,0.000258,-0.966982
001351.npy,0,0.001144,0.172549,0.623529,0.976471,0.013978,4.061144,0.000213,0.000093,-1.100547
001352.npy,0,0.010574,0.047059,0.450980,0.752941,0.067157,3.300591,0.007780,0.006030,-1.113512
001353.npy,0,0.000656,0.109804,0.427451,0.917647,0.025308,2.537874,0.000954,0.000859,-1.195913
001354.npy,0,0.000717,0.113725,0.454902,0.913725,0.025212,2.549897,0.000977,0.000936,-1.207982
001355.npy,0,0.001129,0.101961,0.435294,0.905882,0.025241,2.564735,0.000956,0.000843,-1.195109
001356.npy,0,0.031937,0.031373,0.298039,0.643137,0.072711,3.265811,0.008417,0.007441,-0.984614
001357.npy,0,0.000458,0.117647,0.305882,0.572549,0.044895,4.472748,0.003038,0.004091,-0.763302
001358.npy,0,0.000366,0.117647,0.305882,0.572549,0.044653,4.468694,0.003018,0.004080,-0.763162
001359.npy,0,0.000305,0.141176,0.345098,0.588235,0.043830,4.250103,0.002870,0.004079,-0.807933
001360.npy,0,0.002991,0.094118,0.588235,0.862745,0.054731,6.138073,0.004093,0.015415,-0.967371
001361.npy,0,0.000046,0.211765,0.486275,0.854902,0.062652,2.515798,0.004572,0.001368,-0.615645
001362.npy,0,0.000015,0.243137,0.494118,0.819608,0.058964,2.534511,0.004035,0.001230,-0.608556
001363.npy,0,0.000275,0.160784,0.470588,0.827451,0.059596,2.505244,0.004137,0.001179,-0.629174
001364.npy,0,0.193176,0.011765,0.184314,0.888824,0.057217,6.511796,0.005613,0.019368,-1.172978
001365.npy,0,0.002655,0.098039,0.541176,0.647059,0.023295,10.490314,0.000015,0.000251,-0.957782
001366.npy,0,0.010239,0.047059,0.541176,0.694118,0.047561,6.080758,0.000059,0.015565,-0.931236
001367.npy,0,0.006470,0.062745,0.533333,0.658824,0.035821,7.589812,0.000016,0.010095,-0.939947
001368.npy,0,0.055405,0.023529,0.172549,0.949020,0.012015,4.909552,0.000138,0.000147,-1.508420
001369.npy,0,0.000534,0.133333,0.498039,0.784314,0.073298,3.186001,0.010065,0.009425,-1.099117
001370.npy,0,0.000366,0.137255,0.509804,0.786863,0.072861,3.170597,0.009692,0.008627,-1.081582
001371.npy,0,0.000763,0.125490,0.494118,0.756863,0.068976,3.257094,0.008761,0.008282,-1.115106
001372.npy,0,0.026871,0.027451,0.474510,0.874510,0.034125,5.340500,0.002377,0.006355,-1.417236
001373.npy,0,0.016800,0.039216,0.415686,0.996078,0.039731,6.222147,0.003193,0.012236,-1.636579
001374.npy,0,0.014420,0.043137,0.415686,0.996078,0.037387,6.654051,0.003190,0.013127,-1.663299
001375.npy,0,0.015839,0.039216,0.427451,0.996078,0.038813,6.525069,0.003631,0.013776,-1.665997
001376.npy,0,0.001236,0.109804,0.960784,0.992157,0.025200,11.342558,0.000053,0.004739,-1.489968
001377.npy,0,0.015167,0.035294,0.498039,0.952941,0.040606,4.882178,0.003629,0.006853,-1.323671
001378.npy,0,0.005188,0.090196,0.498039,0.866667,0.043325,4.484133,0.003652,0.005890,-1.271580
001379.npy,0,0.016403,0.031373,0.498039,0.956863,0.040587,4.919590,0.003301,0.007331,-1.322951
001380.npy,0,0.005692,0.074510,0.835294,0.925490,0.024785,11.352556,0.000049,0.000723,-1.349148
001381.npy,0,0.126190,0.000000,0.215686,0.670588,0.056898,4.901652,0.006937,0.013980,-1.116068
001382.npy,0,0.129684,0.000000,0.215686,0.686275,0.058475,4.799493,0.006864,0.012609,-1.104538
001383.npy,0,0.179947,0.000000,0.180392,0.686275,0.057661,4.938292,0.006950,0.014341,-1.102312
001384.npy,1,0.009628,0.050980,0.705882,0.956863,0.109156,4.396913,0.029909,0.049686,-0.873433
001385.npy,1,0.031067,0.027451,0.549020,0.952941,0.135970,3.742971,0.048466,0.044670,-0.975676
001386.npy,1,0.028809,0.027451,0.576471,0.956863,0.133331,3.869734,0.044127,0.046668,-0.981374
001387.npy,1,0.028976,0.027451,0.576471,0.956863,0.133682,3.863538,0.044890,0.047781,-0.981172
001388.npy,1,0.008087,0.050980,0.325490,0.909804,0.075949,4.149300,0.010504,0.014957,-1.018631
001389.npy,0,0.004669,0.062745,0.482353,0.901961,0.020391,2.457300,0.000527,0.000261,-1.056532
001390.npy,0,0.002197,0.078431,0.529412,0.894118,0.020232,2.430596,0.000537,0.000264,-1.054513
001391.npy,0,0.001160,0.086275,0.439216,0.898039,0.020412,2.445264,0.000521,0.000257,-1.050877
001392.npy,0,0.000885,0.121569,0.356863,0.901961,0.027327,4.970885,0.001168,0.002902,-1.395387
001393.npy,0,0.000229,0.211765,0.592157,0.905882,0.024862,3.106970,0.001146,0.001277,-1.314506
001394.npy,0,0.000168,0.231373,0.592157,0.884902,0.024157,3.085485,0.001074,0.001149,-1.305864
001395.npy,0,0.000229,0.197451,0.596078,0.917647,0.025370,3.224823,0.001170,0.001401,-1.334394
001396.npy,0,0.000336,0.219608,0.600000,0.976471,0.034142,4.523926,0.002590,0.005465,-1.563580
001397.npy,0,0.000107,0.388235,0.698039,0.866667,0.048748,3.462118,0.003926,0.003772,-1.199049
001398.npy,0,0.000122,0.388235,0.698039,0.866667,0.048818,3.461738,0.003954,0.003771,-1.198667
001399.npy,0,0.000107,0.388235,0.698039,0.866667,0.048685,3.464596,0.003934,0.003765,-1.199113
001400.npy,0,0.033859,0.027451,0.219608,0.752941,0.028708,5.219038,0.001182,0.003651,-1.459523
001401.npy,0,0.001266,0.113725,0.827451,0.984314,0.011158,6.503640,0.000121,0.000386,-1.604419
001402.npy,0,0.003296,0.082353,0.792157,0.980392,0.011759,6.149226,0.000158,0.000433,-1.583430
001403.npy,0,0.004135,0.074510,0.392157,0.976471,0.012836,5.392487,0.000225,0.000390,-1.563037
001404.npy,0,0.001389,0.223529,0.729412,0.909804,0.050960,5.266715,0.003172,0.006444,-1.047361
001405.npy,0,0.032730,0.035294,0.133333,0.898039,0.012326,7.641430,0.000108,0.000034,-1.458259
001406.npy,0,0.000214,0.086275,0.145098,0.576471,0.008001,9.097311,0.000034,0.000011,-1.391744
001407.npy,0,0.054031,0.027451,0.125490,0.898039,0.011718,7.548979,0.000106,0.000034,-1.445745
001408.npy,0,0.377792,0.007843,0.054902,0.733333,0.010785,11.505206,0.000024,0.000089,-1.407776
001409.npy,0,0.349869,0.015686,0.066667,0.862745,0.016319,6.408771,0.000153,0.000406,-1.453032
001410.npy,0,0.463959,0.011765,0.050980,0.749020,0.011528,6.778203,0.000042,0.000563,-1.544154
001411.npy,0,0.462265,0.011765,0.054902,0.721569,0.012170,6.701546,0.000054,0.000568,-1.538896
001412.npy,1,0.002747,0.086275,0.525490,0.976471,0.077122,4.342676,0.015529,0.028124,-1.214931
001413.npy,1,0.005524,0.058824,0.537255,0.976471,0.089289,4.274117,0.017709,0.026672,-1.238363
001414.npy,1,0.004257,0.058824,0.537255,0.976471,0.089125,4.273974,0.017499,0.026555,-1.237776
001415.npy,1,0.004562,0.058824,0.537255,0.976471,0.089165,4.270864,0.017656,0.026549,-1.238140
001416.npy,0,0.001007,0.172549,0.780392,0.921569,0.016048,5.624214,0.000330,0.000785,-1.403618
001417.npy,0,0.012787,0.043137,0.309804,0.835294,0.034896,5.845729,0.001542,0.007173,-1.383902
001418.npy,0,0.013596,0.043137,0.345098,0.862745,0.037758,5.471399,0.002474,0.007109,-1.384361
001419.npy,0,0.017838,0.035294,0.313726,0.839216,0.036866,5.660339,0.001851,0.007899,-1.376941
001420.npy,0,0.009491,0.050980,0.600000,0.945098,0.043316,5.936182,0.003679,0.009351,-1.385460
001421.npy,0,0.000259,0.134706,0.662745,0.968627,0.021315,7.980411,0.000507,0.002795,-1.531932
001422.npy,0,0.000244,0.125490,0.650980,0.964706,0.018071,7.898314,0.000383,0.001803,-1.596606
001423.npy,0,0.000168,0.192157,0.678431,0.968627,0.016761,8.209948,0.000319,0.001332,-1.569977
001424.npy,0,0.002060,0.121569,0.709804,0.964706,0.056313,5.640282,0.003625,0.017112,-1.055460
001425.npy,0,0.002274,0.101961,0.850980,0.964706,0.034035,7.700241,0.000456,0.002927,-1.244624
001426.npy,0,0.002457,0.098039,0.850980,0.949020,0.037598,7.249236,0.000537,0.007701,-1.230198
001427.npy,0,0.002686,0.098039,0.807843,0.941176,0.030843,7.917866,0.000422,0.001252,-1.227427
001428.npy,0,0.260574,0.011765,0.105882,0.858824,0.037228,7.336337,0.001622,0.010791,-1.518780
001429.npy,0,0.001068,0.168627,0.984314,0.996078,0.027072,8.829673,0.000015,0.008459,-1.401792
001430.npy,0,0.000900,0.184314,0.980392,0.996078,0.024502,9.500249,0.000014,0.006260,-1.414636
001431.npy,0,0.000931,0.172549,0.984314,0.996078,0.026778,8.821661,0.000015,0.008176,-1.400558
001432.npy,0,0.014557,0.023529,0.509804,0.898039,0.009865,8.359986,0.000066,0.000275,-1.655796
001433.npy,0,0.008102,0.050980,0.956863,0.988235,0.006875,8.570047,0.000022,0.000022,-1.603570
001434.npy,0,0.008636,0.050980,0.952941,0.984314,0.006878,8.286617,0.000022,0.000020,-1.598231
001435.npy,0,0.008728,0.050980,0.949020,0.984314,0.006870,8.281906,0.000022,0.000021,-1.598761
001436.npy,0,0.024307,0.019608,0.713726,0.890196,0.019977,10.247751,0.000406,0.000505,-1.533497
001437.npy,0,0.004929,0.070588,0.384314,0.811765,0.025356,8.012486,0.000558,0.001391,-1.480420
001438.npy,0,0.004990,0.070588,0.384314,0.811765,0.025344,8.038041,0.000562,0.001373,-1.480897
001439.npy,0,0.005508,0.066667,0.376471,0.796078,0.025846,7.875868,0.000642,0.001400,-1.465047
001440.npy,0,0.067505,0.003922,0.321569,0.737255,0.044449,3.892503,0.005064,0.007294,-1.513538
001441.npy,0,0.007019,0.058824,0.368627,0.764706,0.039540,4.028821,0.003333,0.005017,-1.460827
001442.npy,0,0.004837,0.070588,0.380392,0.756863,0.038233,4.116358,0.003126,0.004536,-1.477323
001443.npy,0,0.004807,0.074510,0.380392,0.756863,0.039520,4.055112,0.003411,0.005088,-1.474957
001444.npy,0,0.003143,0.129412,0.447059,0.921569,0.053730,5.551235,0.006039,0.012389,-1.313290
001445.npy,0,0.721878,0.011765,0.015686,0.568627,0.023928,8.924519,0.000017,0.005526,-1.457355
001446.npy,0,0.704514,0.011765,0.019608,0.572549,0.024891,8.578985,0.000028,0.005786,-1.464963
001447.npy,0,0.695770,0.011765,0.019608,0.572549,0.025385,8.396531,0.000064,0.006007,-1.462309
001448.npy,0,0.001221,0.193529,0.701961,0.941176,0.046122,4.524510,0.002977,0.004540,-1.230668
001449.npy,0,0.015640,0.035294,0.721569,0.956863,0.012582,3.833262,0.000181,0.000103,-1.375355
001450.npy,0,0.036758,0.031373,0.654902,0.956863,0.012760,3.767093,0.000192,0.000185,-1.433818
001451.npy,0,0.028427,0.027451,0.709804,0.960784,0.012743,3.822096,0.000185,0.000112,-1.384697
001452.npy,1,0.002579,0.066667,0.643137,0.929412,0.074095,4.304875,0.007933,0.017543,-1.163225
001453.npy,0,0.014282,0.043137,0.474510,0.964706,0.015292,4.887731,0.000499,0.001357,-1.646360
001454.npy,0,0.011551,0.043137,0.466667,0.964706,0.015192,4.913544,0.000496,0.001320,-1.654876
001455.npy,0,0.012024,0.043137,0.427451,0.956863,0.012555,5.341923,0.000304,0.000797,-1.594019
001456.npy,0,0.046539,0.027451,0.309804,0.843137,0.050029,6.310502,0.005003,0.012575,-1.368962
001457.npy,0,0.010147,0.047059,0.286275,0.925490,0.059906,6.048831,0.006883,0.020986,-1.235940
001458.npy,0,0.006241,0.062745,0.262745,0.917647,0.057287,6.284634,0.006025,0.020225,-1.261939
001459.npy,0,0.009430,0.050980,0.290196,0.933333,0.058310,6.159142,0.006209,0.020926,-1.238825
001460.npy,0,0.015686,0.039216,0.356863,0.666667,0.057175,4.560833,0.004343,0.009515,-1.061366
001461.npy,0,0.001968,0.082353,0.952941,0.988235,0.030385,8.565001,0.000014,0.004885,-1.209193
001462.npy,0,0.003906,0.062745,0.388235,0.988235,0.047124,5.895129,0.003731,0.008900,-1.203335
001463.npy,0,0.002762,0.070588,0.678431,0.988235,0.039426,6.774094,0.002099,0.006873,-1.202926
001464.npy,0,0.002304,0.078431,0.415686,0.800000,0.062536,4.301678,0.008496,0.016383,-1.178149
001465.npy,0,0.028305,0.043137,0.952941,0.992157,0.012668,14.667402,0.000054,0.000123,-1.673658
001466.npy,0,0.040787,0.039216,0.933333,0.992157,0.012630,15.082719,0.000074,0.000129,-1.669108
001467.npy,0,0.037827,0.039216,0.952941,0.992157,0.012656,14.590765,0.000053,0.000127,-1.672414
001468.npy,0,0.014923,0.043137,0.160784,0.792157,0.024276,4.417713,0.000825,0.003891,-1.530397
001469.npy,0,0.258362,0.007843,0.176471,0.862745,0.036042,5.796249,0.001875,0.007801,-1.438904
001470.npy,0,0.251373,0.007843,0.231373,0.878431,0.043862,5.926425,0.002712,0.010727,-1.341916
001471.npy,0,0.236877,0.007843,0.203922,0.909804,0.035861,6.153370,0.001585,0.009269,-1.502327
001472.npy,0,0.007996,0.066667,0.764706,0.874510,0.014066,6.214650,0.000189,0.000549,-1.627469
001473.npy,0,0.001312,0.105882,0.576471,0.925490,0.026679,2.453066,0.000893,0.000283,-1.047970
001474.npy,0,0.000381,0.192157,0.639216,0.941176,0.019973,2.471909,0.000520,0.000174,-1.099342
001475.npy,0,0.001709,0.098039,0.549020,0.929412,0.026242,2.483802,0.000875,0.000286,-1.058150
001476.npy,0,0.073578,0.023529,0.250980,0.839216,0.053764,5.615625,0.005869,0.014308,-1.269064
001477.npy,0,0.166290,0.023529,0.231373,0.709804,0.032151,6.951436,0.001726,0.006177,-1.507152
001478.npy,0,0.171494,0.023529,0.227451,0.713726,0.031972,6.988513,0.001788,0.005765,-1.510072
001479.npy,0,0.152527,0.019608,0.243137,0.654902,0.030722,6.709068,0.001825,0.005404,-1.495223
001480.npy,0,0.001404,0.098039,0.239216,0.764706,0.054024,5.293013,0.003320,0.008279,-0.981910
001481.npy,0,0.001648,0.184314,0.854902,0.980392,0.029281,5.644575,0.001211,0.005725,-1.695311
001482.npy,0,0.001099,0.172549,0.823529,0.972549,0.028710,5.718595,0.001083,0.004775,-1.670872
001483.npy,0,0.001648,0.176471,0.847059,0.984314,0.028600,5.777180,0.001101,0.005202,-1.701702
001484.npy,0,0.048172,0.007843,0.580392,0.949020,0.015762,9.900277,0.000344,0.001565,-1.688664
001485.npy,0,0.003113,0.062745,0.745098,0.963333,0.011141,7.239043,0.000161,0.000670,-1.661899
001486.npy,0,0.052887,0.011765,0.607843,0.960784,0.010776,6.927081,0.000156,0.000614,-1.700372
001487.npy,0,0.003036,0.062745,0.729412,0.949020,0.012065,7.539330,0.000185,0.000713,-1.640738
001488.npy,0,0.000351,0.121569,0.698039,0.952941,0.053024,3.982981,0.005277,0.008827,-1.401249
001489.npy,1,0.020004,0.023529,0.517647,0.956863,0.099135,3.337193,0.022579,0.020293,-1.260767
001490.npy,1,0.020172,0.023529,0.517647,0.945098,0.093303,3.426368,0.020622,0.020484,-1.274877
001491.npy,1,0.019791,0.027451,0.529412,0.956863,0.094981,3.395459,0.021538,0.020512,-1.287078
001492.npy,0,0.077255,0.035294,0.133333,0.819608,0.049105,6.629534,0.004458,0.016571,-1.353588
001493.npy,0,0.373596,0.019608,0.062745,0.917647,0.010924,13.291821,0.000036,0.000134,-1.641604
001494.npy,0,0.373352,0.019608,0.070588,0.925490,0.010809,11.260027,0.000041,0.000179,-1.637078
001495.npy,0,0.396530,0.015686,0.070588,0.925490,0.010865,11.204636,0.000040,0.000184,-1.637912
001496.npy,0,0.004272,0.079804,0.721569,0.996078,0.015137,15.121793,0.000093,0.000597,-1.595016
001497.npy,0,0.047867,0.003922,0.607843,0.996078,0.014964,15.903316,0.000079,0.000909,-1.625103
001498.npy,0,0.070969,0.007843,0.192157,0.996078,0.013142,15.841796,0.000065,0.000753,-1.637767
001499.npy,0,0.071045,0.007843,0.192157,0.996078,0.013135,15.791342,0.000064,0.000755,-1.638070
001500.npy,0,0.000610,0.109804,0.439216,0.847059,0.033229,2.750714,0.001437,0.001417,-1.074309
001501.npy,0,0.008713,0.054902,0.396078,0.607843,0.028206,4.599562,0.001210,0.002488,-1.350582
001502.npy,0,0.005630,0.074510,0.407843,0.603922,0.025802,4.972717,0.000956,0.001982,-1.342519
001503.npy,0,0.006012,0.066667,0.400000,0.607843,0.027848,4.759912,0.001225,0.002518,-1.344758
001504.npy,0,0.001907,0.101961,0.415686,0.603922,0.051902,3.364174,0.003859,0.004875,-1.033477
001505.npy,0,0.003799,0.058824,0.207843,0.737255,0.046106,3.488296,0.002732,0.004503,-1.167012
001506.npy,0,0.006317,0.050980,0.192157,0.737255,0.044401,3.608200,0.002400,0.003597,-1.147448
001507.npy,0,0.041534,0.027451,0.149020,0.533333,0.036656,3.443841,0.001882,0.003146,-1.188746
001508.npy,0,0.002762,0.082353,0.411765,0.858824,0.057918,5.560661,0.004736,0.018156,-1.131693
001509.npy,1,0.035339,0.011765,0.380392,0.972549,0.109813,3.129346,0.018340,0.016172,-0.976675
001510.npy,1,0.035339,0.011765,0.380392,0.968627,0.109756,3.130953,0.018340,0.016196,-0.976753
001511.npy,1,0.035294,0.011765,0.380392,0.972549,0.109748,3.133007,0.018336,0.016076,-0.976707
001512.npy,0,0.000488,0.141176,0.545098,0.976471,0.013023,9.786562,0.000062,0.000301,-1.384983
001513.npy,0,0.268356,0.003922,0.101961,0.494118,0.056598,3.904131,0.004828,0.006160,-0.972015
001514.npy,0,0.299271,0.003922,0.094118,0.466667,0.053728,4.078929,0.004357,0.005793,-0.974417
001515.npy,0,0.297501,0.003922,0.094118,0.470588,0.054007,4.076508,0.004377,0.005835,-0.974262
001516.npy,1,0.001877,0.074510,0.392157,0.898039,0.067139,3.990058,0.011043,0.016894,-1.269217
001517.npy,0,0.029648,0.027451,0.278431,0.645686,0.022246,2.913948,0.000917,0.003335,-1.372643
001518.npy,0,0.046310,0.027451,0.274510,0.650980,0.026553,2.592968,0.001865,0.005578,-1.342636
001519.npy,0,0.053467,0.023529,0.266667,0.647059,0.026816,2.568608,0.001946,0.005744,-1.343995
001520.npy,0,0.002609,0.074510,0.576471,0.874510,0.032709,3.244303,0.002939,0.003878,-1.642452
001521.npy,0,0.003479,0.062745,0.325490,0.886275,0.029155,3.451016,0.002161,0.003664,-1.548136
001522.npy,0,0.005234,0.062745,0.337255,0.882353,0.029154,3.471954,0.002307,0.003834,-1.553200
001523.npy,0,0.005920,0.058824,0.325490,0.886275,0.028951,3.496340,0.002146,0.003604,-1.550618
001524.npy,0,0.165070,0.023529,0.098039,0.839216,0.028849,8.387043,0.000714,0.002722,-1.396147
001525.npy,0,0.160324,0.011765,0.160784,0.980392,0.008894,5.830891,0.000116,0.000235,-1.518818
001526.npy,0,0.149902,0.015686,0.164706,0.980392,0.008967,5.789714,0.000115,0.000246,-1.514499
001527.npy,0,0.079376,0.015686,0.192157,0.980392,0.009530,5.431679,0.000141,0.000254,-1.489151
001528.npy,0,0.003265,0.078431,0.521569,0.698039,0.045119,5.822802,0.001113,0.021624,-1.135331
001529.npy,0,0.001816,0.098039,0.262745,0.705882,0.026132,4.444182,0.000763,0.000596,-1.074642
001530.npy,0,0.000961,0.121569,0.294118,0.764706,0.027654,4.453981,0.000857,0.000645,-1.075731
001531.npy,0,0.001053,0.121569,0.290196,0.752941,0.026561,4.499970,0.000797,0.000586,-1.073001
001532.npy,0,0.003281,0.078431,0.388235,0.886275,0.013822,2.615697,0.000265,0.000187,-1.275608
001533.npy,0,0.031982,0.007843,0.192157,0.709804,0.033458,8.721963,0.000605,0.004493,-1.149808
001534.npy,0,0.013763,0.043137,0.192157,0.678431,0.027765,10.261453,0.000147,0.002624,-1.131039
001535.npy,0,0.015594,0.039216,0.192157,0.698039,0.029261,9.880380,0.000179,0.003142,-1.128180
001536.npy,0,0.107391,0.003922,0.278431,0.894118,0.058083,5.393263,0.006902,0.013603,-1.224260
001537.npy,0,0.008011,0.054902,0.203922,0.803922,0.017863,8.892088,0.000467,0.000969,-1.594299
001538.npy,0,0.008072,0.054902,0.196078,0.749020,0.017114,8.681101,0.000465,0.000915,-1.584529
001539.npy,0,0.007828,0.054902,0.196078,0.749020,0.017113,8.674993,0.000466,0.000908,-1.584021
001540.npy,0,0.021759,0.023529,0.976471,0.988235,0.013405,11.176946,0.000010,0.000032,-1.454606
001541.npy,0,0.000412,0.352941,0.827451,0.941176,0.029599,6.969055,0.000922,0.003980,-1.234433
001542.npy,0,0.000412,0.360784,0.827451,0.937255,0.026125,7.452811,0.000571,0.003173,-1.291962
001543.npy,0,0.000412,0.376471,0.827451,0.937255,0.026022,7.552228,0.000577,0.003305,-1.266339
001544.npy,0,0.056824,0.035294,0.196078,0.635294,0.065156,3.714610,0.007123,0.008721,-1.113337
001545.npy,0,0.187500,0.023529,0.109804,0.600000,0.022436,6.379632,0.000556,0.001428,-1.307465
001546.npy,0,0.081680,0.039216,0.125490,0.603922,0.022472,6.407136,0.000566,0.001474,-1.306643
001547.npy,0,0.179321,0.023529,0.105882,0.592157,0.021145,6.249565,0.000434,0.001071,-1.305440
001548.npy,0,0.003571,0.070588,0.517647,0.588235,0.018271,11.701581,0.000011,0.001056,-1.233409
001549.npy,0,0.006622,0.054902,0.376471,0.796078,0.034570,7.116833,0.001594,0.007952,-1.252947
001550.npy,0,0.017349,0.039216,0.337255,0.745098,0.023214,8.455949,0.000672,0.002934,-1.315150
001551.npy,0,0.020432,0.039216,0.341176,0.682353,0.022043,8.159964,0.000443,0.002852,-1.306809
001552.npy,1,0.124344,0.011765,0.188235,0.890196,0.075243,4.906335,0.010600,0.036580,-1.210661
001553.npy,0,0.046997,0.011765,0.592157,0.909804,0.041660,6.394936,0.001752,0.008422,-1.334173
001554.npy,0,0.037354,0.015686,0.654902,0.933333,0.041374,6.474789,0.001626,0.007779,-1.333737
001555.npy,0,0.047180,0.011765,0.509804,0.898039,0.042927,6.466393,0.002299,0.008545,-1.339017
001556.npy,0,0.005325,0.094118,0.843137,0.996078,0.016604,10.575140,0.000159,0.000765,-1.352906
001557.npy,1,0.100006,0.000000,0.470588,0.831373,0.114262,2.790455,0.018746,0.011221,-0.896676
001558.npy,1,0.087265,0.000000,0.486275,0.850980,0.126834,2.736563,0.022432,0.013196,-0.874906
001559.npy,1,0.110168,0.000000,0.443137,0.800000,0.117897,2.776931,0.019771,0.010610,-0.887381
001560.npy,0,0.188446,0.015686,0.164706,0.819608,0.034383,7.381927,0.001416,0.008315,-1.433904
001561.npy,0,0.015488,0.043137,0.600000,0.988235,0.053424,6.619819,0.004818,0.023216,-1.446565
001562.npy,0,0.009293,0.050980,0.627451,0.988235,0.046177,7.349202,0.003198,0.015966,-1.474431
001563.npy,0,0.008820,0.050980,0.627451,0.988235,0.046101,7.336648,0.003201,0.015939,-1.474375
001564.npy,0,0.151962,0.007843,0.270588,0.968627,0.019667,6.327470,0.000641,0.002942,-1.704378
001565.npy,0,0.171783,0.011765,0.360784,0.850980,0.034518,8.206102,0.001459,0.007582,-1.658864
001566.npy,0,0.169983,0.011765,0.360784,0.823529,0.033589,8.098561,0.001378,0.008179,-1.660305
001567.npy,0,0.129990,0.011765,0.513726,0.815686,0.034901,7.199717,0.001599,0.011181,-1.721898
001568.npy,0,0.006866,0.054902,0.141176,0.631373,0.030314,3.095283,0.000932,0.001188,-1.141110
001569.npy,0,0.004242,0.058824,0.156863,0.549020,0.038448,2.741263,0.001639,0.000676,-0.930653
001570.npy,0,0.002716,0.066667,0.164706,0.568627,0.038015,2.747135,0.001590,0.000699,-0.938989
001571.npy,0,0.002243,0.066667,0.168627,0.580392,0.038671,2.789159,0.001629,0.000790,-0.950103
001572.npy,1,0.001099,0.090196,0.372549,0.905882,0.103238,3.243213,0.014657,0.013757,-0.893895
001573.npy,1,0.003098,0.058824,0.341176,0.937255,0.092509,4.440049,0.015050,0.032923,-1.161047
001574.npy,1,0.003128,0.058824,0.341176,0.933333,0.092556,4.419829,0.015295,0.033042,-1.162462
001575.npy,1,0.003052,0.058824,0.294118,0.933333,0.095653,4.398748,0.015349,0.033686,-1.126301
001576.npy,0,0.006821,0.062745,0.349020,0.815686,0.037772,7.980099,0.001937,0.006539,-1.367278
001577.npy,0,0.637161,0.007843,0.035294,0.333333,0.012560,12.942771,0.000056,0.000082,-1.251334
001578.npy,0,0.602615,0.011765,0.039216,0.364706,0.013575,12.593000,0.000074,0.000108,-1.252336
001579.npy,0,0.594589,0.011765,0.039216,0.333333,0.012662,12.832235,0.000064,0.000091,-1.244162
001580.npy,0,0.044403,0.023529,0.176471,0.862745,0.010522,5.701436,0.000157,0.000371,-1.577397
001581.npy,0,0.035446,0.027451,0.207843,0.670588,0.013464,3.961699,0.000396,0.001063,-1.557999
001582.npy,0,0.026016,0.035294,0.231373,0.705882,0.014324,4.028389,0.000422,0.001161,-1.567587
001583.npy,0,0.015152,0.043137,0.282353,0.945098,0.017203,4.180056,0.000612,0.001385,-1.533790
001584.npy,1,0.001495,0.101961,0.513726,0.941176,0.091257,3.696197,0.013258,0.014728,-1.022602
001585.npy,0,0.023178,0.039216,0.329412,0.952941,0.063047,5.117015,0.004809,0.015074,-1.168908
001586.npy,0,0.047638,0.035294,0.313726,0.952941,0.059878,5.410700,0.004287,0.014378,-1.181100
001587.npy,0,0.039276,0.039216,0.317647,0.952941,0.060141,5.399446,0.004339,0.015843,-1.186899
001588.npy,0,0.000381,0.164706,0.568627,0.913725,0.019929,2.491037,0.000609,0.000343,-1.193620
001589.npy,0,0.017319,0.039216,0.356863,0.952941,0.063404,6.448995,0.005474,0.022191,-1.231195
001590.npy,1,0.020920,0.035294,0.329412,0.964706,0.073345,5.737960,0.010708,0.033472,-1.223341
001591.npy,1,0.019714,0.039216,0.333333,0.960784,0.070747,5.905987,0.009474,0.029554,-1.228876
001592.npy,0,0.003265,0.090196,0.501961,0.839216,0.049056,3.804780,0.003487,0.005130,-1.257292
001593.npy,0,0.000031,0.156863,0.729412,0.917647,0.042278,3.627085,0.001890,0.001828,-0.991122
001594.npy,0,0.002411,0.086275,0.792157,0.921569,0.029413,5.815222,0.000823,0.000883,-1.238259
001595.npy,0,0.001968,0.090196,0.800000,0.925490,0.029727,5.707274,0.000841,0.000978,-1.249850
001596.npy,0,0.000229,0.141176,0.407843,0.941176,0.031052,2.597344,0.001231,0.000514,-0.848131
001597.npy,0,0.000732,0.094118,0.717647,0.980392,0.029187,5.497663,0.000947,0.004156,-1.214600
001598.npy,0,0.001648,0.078431,0.678431,0.980392,0.034161,4.911101,0.001857,0.004991,-1.172834
001599.npy,0,0.000549,0.098039,0.764706,0.980392,0.026992,5.867974,0.000558,0.003888,-1.205391
001600.npy,0,0.000061,0.137255,0.266667,0.364706,0.025595,3.683281,0.001026,0.000828,-0.854478
001601.npy,0,0.007111,0.066667,0.231373,0.537255,0.049351,3.457531,0.005336,0.005605,-1.120969
001602.npy,0,0.004181,0.105882,0.325490,0.760784,0.066838,3.503175,0.010208,0.010603,-1.119976
001603.npy,0,0.006943,0.070588,0.235294,0.541176,0.049696,3.426023,0.005417,0.005576,-1.114485
001604.npy,0,0.096329,0.015686,0.243137,0.792157,0.025325,7.381789,0.000796,0.001684,-1.467762
001605.npy,1,0.011475,0.047059,0.564706,0.972549,0.164425,2.150178,0.059124,0.022197,-1.066637
001606.npy,1,0.013947,0.043137,0.549020,0.960784,0.160833,2.146694,0.057210,0.021548,-1.063376
001607.npy,1,0.014053,0.043137,0.545098,0.960784,0.160832,2.145819,0.057113,0.021562,-1.063479
001608.npy,0,0.088715,0.015686,0.478431,0.968627,0.037171,8.990850,0.002088,0.010513,-1.525791
001609.npy,0,0.000427,0.180392,0.419608,0.870588,0.040863,3.699369,0.003785,0.009256,-1.612463
001610.npy,0,0.003006,0.082353,0.352941,0.886275,0.046832,3.801736,0.005209,0.011751,-1.591948
001611.npy,0,0.001526,0.082353,0.356863,0.886275,0.045227,3.831146,0.004970,0.011647,-1.611201
001612.npy,0,0.011902,0.047059,0.513726,0.937255,0.011201,2.672185,0.000252,0.000159,-1.216092
001613.npy,0,0.220520,0.007843,0.156863,0.478431,0.034649,5.886146,0.003281,0.006322,-1.097490
001614.npy,0,0.286621,0.007843,0.129412,0.517647,0.032457,5.324273,0.002682,0.005721,-1.186637
001615.npy,0,0.287323,0.007843,0.125490,0.513726,0.031835,5.357970,0.002502,0.005971,-1.189343
001616.npy,0,0.013580,0.043137,0.329412,0.831373,0.030536,4.958589,0.001628,0.004072,-1.185818
001617.npy,0,0.020523,0.027451,0.223529,0.647059,0.016525,6.617057,0.000363,0.000793,-1.413483
001618.npy,0,0.007263,0.050980,0.435294,0.878431,0.023011,4.011479,0.000936,0.001745,-1.413702
001619.npy,0,0.019806,0.023529,0.286275,0.647059,0.017265,6.514415,0.000434,0.000899,-1.412636
001620.npy,0,0.077011,0.023529,0.254902,0.854902,0.023721,9.284242,0.000514,0.003802,-1.530974
001621.npy,0,0.001480,0.086275,0.654902,0.862745,0.019825,8.456120,0.000183,0.001719,-1.556350
001622.npy,0,0.001312,0.094118,0.596078,0.847059,0.023046,7.490764,0.000422,0.003142,-1.532714
001623.npy,0,0.001343,0.090196,0.670588,0.873137,0.019115,8.626202,0.000153,0.001384,-1.557225
001624.npy,1,0.014709,0.039216,0.400000,0.949020,0.059215,6.126293,0.006656,0.026322,-1.201613
001625.npy,0,0.000061,0.172549,0.623529,0.964706,0.049770,6.382670,0.005219,0.021714,-1.270991
001626.npy,0,0.000137,0.164706,0.588235,0.952941,0.046033,6.755175,0.004213,0.015448,-1.297627
001627.npy,0,0.000137,0.164706,0.588235,0.952941,0.046804,6.705112,0.004865,0.017171,-1.290756
001628.npy,0,0.004410,0.101961,0.631373,0.882353,0.022881,7.380233,0.000661,0.002255,-1.532074
001629.npy,0,0.002701,0.074510,0.278431,0.803922,0.042645,5.291962,0.004112,0.014940,-1.484634
001630.npy,0,0.001694,0.078431,0.290196,0.803922,0.041900,5.297283,0.003752,0.015034,-1.505960
001631.npy,0,0.001465,0.078431,0.294118,0.807843,0.041910,5.309777,0.003766,0.015013,-1.506863
001632.npy,0,0.033630,0.023529,0.439216,0.839216,0.067225,4.729127,0.007915,0.017140,-1.296390
001633.npy,0,0.000198,0.113725,0.466667,0.890196,0.027947,2.553865,0.001168,0.000877,-1.105029
001634.npy,0,0.000214,0.113725,0.462745,0.890196,0.027855,2.551625,0.001158,0.000849,-1.105335
001635.npy,0,0.006363,0.098039,0.862745,0.976471,0.008803,8.898410,0.000074,0.000069,-1.491217
001636.npy,1,0.036301,0.011765,0.870588,0.980392,0.065579,6.941196,0.003407,0.048644,-1.272752
001637.npy,0,0.300735,0.000000,0.113725,0.764706,0.061730,5.715412,0.006287,0.020299,-1.148230
001638.npy,1,0.306137,0.000000,0.105882,0.756863,0.072871,5.232134,0.010838,0.023860,-1.081242
001639.npy,1,0.292725,0.000000,0.113725,0.772549,0.070211,5.299461,0.009790,0.022613,-1.092388
001640.npy,0,0.015091,0.043137,0.172549,0.552941,0.025097,7.285570,0.000225,0.000950,-0.815079
001641.npy,0,0.009262,0.050980,0.176471,0.352941,0.022621,3.639750,0.000730,0.000690,-1.197891
001642.npy,0,0.005432,0.062745,0.211765,0.474510,0.031548,4.205070,0.001262,0.001621,-1.207603
001643.npy,0,0.020325,0.036667,0.141176,0.298039,0.018021,3.742189,0.000456,0.000424,-1.263223
001644.npy,0,0.014481,0.035294,0.572549,0.898039,0.028092,7.202324,0.001208,0.005030,-1.595233
001645.npy,0,0.245422,0.023529,0.070588,0.945098,0.020996,11.487163,0.000078,0.002137,-1.702008
001646.npy,0,0.252945,0.023529,0.070588,0.949020,0.021038,11.498446,0.000077,0.002141,-1.701946
001647.npy,0,0.175995,0.027451,0.215686,0.964706,0.028602,8.984088,0.000332,0.009535,-1.724197
001648.npy,1,0.057938,0.000000,0.450980,0.984314,0.069340,4.443647,0.008355,0.018546,-1.273770
001649.npy,0,0.009933,0.050980,0.227451,0.862745,0.023749,7.753830,0.000766,0.002112,-1.441561
001650.npy,0,0.009949,0.050980,0.227451,0.862745,0.023741,7.765315,0.000772,0.002085,-1.441466
001651.npy,0,0.010513,0.047059,0.211765,0.862745,0.024032,7.662704,0.000840,0.002009,-1.441734
001652.npy,0,0.001755,0.086275,0.388235,0.831373,0.014168,4.989891,0.000262,0.000476,-1.643257
001653.npy,0,0.000153,0.200000,0.694118,0.850980,0.031595,3.713224,0.001654,0.001671,-1.314101
001654.npy,0,0.000992,0.152941,0.525490,0.839216,0.030923,3.765894,0.001642,0.001640,-1.366295
001655.npy,0,0.001266,0.145098,0.584314,0.843137,0.031605,3.869210,0.001658,0.001749,-1.363816
001656.npy,0,0.000534,0.176471,0.984314,0.992157,0.020868,8.057555,0.000026,0.004385,-1.651096
001657.npy,0,0.041870,0.027451,0.435294,0.866667,0.040171,4.105564,0.003955,0.006370,-1.608305
001658.npy,0,0.045074,0.024902,0.482353,0.882353,0.042470,3.924301,0.003966,0.006579,-1.510694
001659.npy,0,0.051727,0.027451,0.407843,0.862745,0.039618,4.156883,0.003856,0.006686,-1.621557
001660.npy,0,0.002869,0.094118,0.376471,0.894118,0.016802,12.044683,0.000174,0.000399,-1.527447
001661.npy,0,0.015198,0.043137,0.666667,0.949020,0.032482,3.923996,0.003466,0.008064,-1.785099
001662.npy,0,0.010727,0.047059,0.698039,0.945098,0.031065,3.787700,0.002791,0.008541,-1.778513
001663.npy,0,0.016098,0.039216,0.670588,0.945098,0.032374,3.944300,0.003145,0.008448,-1.777360
001664.npy,1,0.018982,0.035294,0.556863,0.870588,0.076163,4.253347,0.011097,0.021179,-1.238929
001665.npy,0,0.042816,0.023529,0.623529,0.874510,0.058743,4.656342,0.005028,0.007996,-1.212806
001666.npy,0,0.038956,0.023529,0.631373,0.882353,0.053213,4.902296,0.003722,0.006358,-1.213286
001667.npy,0,0.031845,0.027451,0.603922,0.886275,0.055077,4.967538,0.004190,0.007943,-1.264109
001668.npy,1,0.038498,0.027451,0.411765,0.996078,0.078782,5.497173,0.008375,0.035051,-1.349897
001669.npy,0,0.000046,0.294118,0.611765,0.854902,0.085979,2.611624,0.007376,0.003524,-0.514409
001670.npy,0,0.000046,0.305882,0.619608,0.862745,0.085020,2.611679,0.007192,0.003355,-0.515854
001671.npy,0,0.000031,0.250980,0.521569,0.725490,0.073177,2.618518,0.005347,0.002674,-0.517321
001672.npy,0,0.031067,0.039216,0.168627,0.956863,0.035223,4.553844,0.002987,0.005484,-1.465675
001673.npy,0,0.066193,0.019608,0.160784,0.521569,0.022613,4.788835,0.001159,0.002349,-1.557735
001674.npy,0,0.034241,0.031373,0.172549,0.545098,0.025650,4.832451,0.001453,0.002431,-1.507319
001675.npy,0,0.038788,0.027451,0.164706,0.537255,0.024886,4.897330,0.001424,0.002503,-1.522930
001676.npy,0,0.240662,0.015686,0.235294,0.894118,0.055475,6.611092,0.005539,0.023362,-1.235716
001677.npy,0,0.104797,0.015686,0.298039,0.458824,0.027330,6.155633,0.000733,0.002988,-1.143093
001678.npy,0,0.103363,0.015686,0.305882,0.474510,0.030109,6.036710,0.000915,0.003616,-1.100501
001679.npy,0,0.153351,0.011765,0.192157,0.513726,0.046863,5.137583,0.002691,0.008013,-0.964013
001680.npy,0,0.000626,0.184314,0.725490,0.945098,0.021413,7.145084,0.000324,0.002363,-1.414494
001681.npy,0,0.000641,0.145098,0.262745,0.901961,0.039548,5.063204,0.002427,0.021206,-1.598045
001682.npy,0,0.000641,0.145098,0.262745,0.898039,0.039536,5.067431,0.002374,0.021419,-1.594478
001683.npy,0,0.000381,0.145098,0.254902,0.909804,0.044985,5.374786,0.004312,0.023582,-1.550921
001684.npy,0,0.093643,0.015686,0.227451,0.874510,0.042868,5.159644,0.002615,0.006003,-1.245179
001685.npy,0,0.007660,0.062745,0.745098,0.988235,0.014537,3.703817,0.000646,0.002004,-1.715590
001686.npy,0,0.008499,0.058824,0.780392,0.988235,0.014014,3.866351,0.000552,0.001952,-1.731054
001687.npy,0,0.003159,0.070588,0.658824,0.988235,0.014496,3.679496,0.000719,0.001985,-1.730280
001688.npy,0,0.000427,0.172549,0.772549,0.988235,0.047850,5.300927,0.003571,0.006192,-1.243743
001689.npy,0,0.002899,0.090196,0.443137,0.929412,0.026298,3.860059,0.001143,0.001837,-1.253085
001690.npy,0,0.001984,0.184314,0.537255,0.929412,0.027550,3.859648,0.001221,0.002193,-1.244190
001691.npy,0,0.001312,0.188235,0.533333,0.929412,0.027521,3.871634,0.001255,0.002160,-1.248102
001692.npy,0,0.054932,0.027451,0.262745,0.890196,0.029275,7.309092,0.002030,0.006163,-1.628163
001693.npy,0,0.025284,0.027451,0.168627,0.976471,0.037125,8.030984,0.000706,0.010586,-1.471840
001694.npy,0,0.028595,0.027451,0.168627,0.976471,0.038074,7.924828,0.000701,0.011796,-1.466290
001695.npy,0,0.030319,0.027451,0.172549,0.945098,0.040776,7.496572,0.000760,0.014979,-1.403627
001696.npy,0,0.001450,0.054902,0.058824,0.960784,0.020182,11.571125,0.000006,0.002189,-1.429095
001697.npy,0,0.064209,0.035294,0.090196,0.352941,0.020566,4.139289,0.000386,0.000669,-0.917495
001698.npy,0,0.000305,0.054902,0.149020,0.486275,0.029536,3.738878,0.000996,0.000976,-0.843144
001699.npy,0,0.000198,0.094118,0.227451,0.721569,0.043473,3.717779,0.002134,0.002064,-0.858735
001700.npy,0,0.147491,0.003922,0.321569,0.839216,0.028166,3.881572,0.002275,0.005605,-1.691435
001701.npy,0,0.119461,0.003922,0.231373,0.815686,0.030758,5.729888,0.002058,0.005113,-1.577027
001702.npy,0,0.052917,0.003922,0.254902,0.729412,0.027982,4.630916,0.001925,0.003322,-1.506789
001703.npy,0,0.027817,0.027451,0.258824,0.835294,0.032981,5.643853,0.002334,0.004891,-1.529258
001704.npy,0,0.018906,0.027451,0.533333,0.937255,0.029663,11.223764,0.000425,0.006063,-1.427773
001705.npy,0,0.006821,0.058824,0.513726,0.830000,0.013267,3.190412,0.000522,0.001048,-1.541932
001706.npy,0,0.005264,0.062745,0.541176,0.807843,0.011814,3.205503,0.000366,0.000735,-1.542931
001707.npy,0,0.005859,0.058824,0.549020,0.788235,0.011273,3.130965,0.000339,0.000630,-1.522390
001708.npy,0,0.000275,0.211765,0.600000,0.937255,0.049023,3.832682,0.004413,0.007934,-1.014081
001709.npy,0,0.002502,0.074510,0.494118,0.749020,0.023480,8.628538,0.000017,0.004285,-1.330370
001710.npy,0,0.003326,0.074510,0.498039,0.784314,0.017205,10.978338,0.000015,0.000320,-1.355649
001711.npy,0,0.004105,0.066667,0.509804,0.823529,0.020288,9.953740,0.000018,0.001771,-1.357067
001712.npy,0,0.030670,0.035294,0.678431,0.839216,0.034684,10.197288,0.001065,0.008779,-1.497205
001713.npy,0,0.040543,0.031373,0.501961,0.862745,0.026369,12.736355,0.000282,0.004557,-1.472752
001714.npy,0,0.044754,0.027451,0.470588,0.862745,0.025590,13.296946,0.000213,0.003893,-1.477805
001715.npy,0,0.040573,0.031373,0.501961,0.862745,0.026075,13.073187,0.000352,0.003853,-1.478617
001716.npy,0,0.000702,0.262745,0.682353,0.949020,0.033075,7.973241,0.001805,0.008091,-1.485890
001717.npy,0,0.000092,0.239216,0.541176,0.764706,0.022199,4.867636,0.000821,0.001089,-1.384388
001718.npy,0,0.000092,0.266667,0.560784,0.768627,0.020143,5.137123,0.000653,0.000937,-1.385169
001719.npy,0,0.000061,0.294118,0.576471,0.776471,0.019965,5.017538,0.000660,0.000917,-1.374374
001720.npy,0,0.001099,0.101961,0.752941,0.960784,0.008520,8.987320,0.000041,0.000060,-1.602040
001721.npy,0,0.048599,0.003922,0.333333,0.654902,0.044007,3.577037,0.004137,0.005003,-1.479057
001722.npy,0,0.025681,0.015686,0.392157,0.752941,0.050339,3.528502,0.005378,0.006536,-1.467739
001723.npy,0,0.056122,0.003922,0.337255,0.666667,0.044828,3.514450,0.004394,0.004919,-1.468174
001724.npy,0,0.007675,0.054902,0.294118,0.729412,0.035301,5.064372,0.001052,0.005420,-1.310573
001725.npy,0,0.002136,0.149020,0.576471,0.937255,0.059170,3.961614,0.007026,0.010635,-1.325883
001726.npy,0,0.002762,0.129412,0.596078,0.960784,0.059066,3.950290,0.006818,0.012171,-1.345238
001727.npy,0,0.003235,0.101961,0.572549,0.925490,0.062840,4.218792,0.007885,0.015035,-1.326057
001728.npy,0,0.538452,0.003922,0.039216,0.819608,0.046797,6.768188,0.000942,0.018319,-1.238551
001729.npy,1,0.002029,0.141176,0.592157,0.937255,0.110898,3.218237,0.018841,0.015380,-0.890396
001730.npy,1,0.002899,0.094118,0.552941,0.937255,0.117701,3.211165,0.020255,0.016425,-0.879009
001731.npy,1,0.002853,0.094118,0.556863,0.937255,0.117503,3.205348,0.020558,0.016030,-0.880614
001732.npy,0,0.030121,0.031373,0.337255,0.980392,0.015194,5.165316,0.000284,0.000359,-1.491062
001733.npy,0,0.101105,0.023529,0.109804,0.905882,0.015457,3.572154,0.000284,0.000313,-1.345436
001734.npy,0,0.060623,0.031373,0.105882,0.807843,0.015118,3.492162,0.000275,0.000257,-1.299046
001735.npy,0,0.117645,0.023529,0.098039,0.854902,0.014594,3.526592,0.000247,0.000258,-1.331099
001736.npy,0,0.083359,0.015686,0.274510,0.901961,0.031238,5.681753,0.002208,0.007185,-1.625277
001737.npy,0,0.020142,0.035294,0.305882,0.819608,0.037789,4.454204,0.003847,0.007594,-1.544320
001738.npy,0,0.033356,0.035294,0.278431,0.815686,0.037321,4.613688,0.003821,0.008339,-1.565805
001739.npy,0,0.010864,0.047059,0.337255,0.830000,0.039710,4.278903,0.004283,0.007724,-1.551209
001740.npy,0,0.103485,0.007843,0.200000,0.819608,0.024869,6.531072,0.000594,0.001178,-1.252144
001741.npy,0,0.687881,0.007843,0.023529,0.627451,0.021860,10.233424,0.000607,0.001597,-1.368675
001742.npy,0,0.592270,0.007843,0.027451,0.682353,0.025449,10.243783,0.000668,0.001843,-1.359554
001743.npy,0,0.688202,0.007843,0.023529,0.627451,0.021892,10.272017,0.000615,0.001604,-1.368834
001744.npy,1,0.001190,0.086275,0.419608,0.792157,0.085661,4.074600,0.010567,0.019997,-0.903225
001745.npy,1,0.000885,0.117647,0.815686,0.874510,0.063343,5.652604,0.005169,0.019757,-0.865802
001746.npy,1,0.000961,0.117647,0.811765,0.870588,0.063069,5.653733,0.005459,0.019586,-0.866560
001747.npy,1,0.001007,0.101961,0.694118,0.874510,0.074563,4.847251,0.010314,0.021734,-0.850346
001748.npy,0,0.043365,0.015686,0.337255,0.737255,0.069642,3.649094,0.008469,0.010470,-1.077054
001749.npy,0,0.000015,0.286275,0.556863,0.964706,0.038424,4.267176,0.002719,0.004335,-1.260788
001750.npy,0,0.000031,0.301961,0.560784,0.960784,0.036442,4.190612,0.002343,0.003682,-1.256666
001751.npy,0,0.000015,0.298039,0.584314,0.968627,0.035731,4.302478,0.002409,0.003744,-1.274728
001752.npy,0,0.000244,0.839216,0.874510,0.917647,0.007607,2.376287,0.000061,0.000015,-1.130337
001753.npy,0,0.004532,0.062745,0.701961,0.843137,0.038199,12.705587,0.000108,0.004758,-1.304349
001754.npy,0,0.004333,0.062745,0.223529,0.843137,0.046259,10.611689,0.000298,0.011946,-1.297608
001755.npy,0,0.004349,0.062745,0.223529,0.843137,0.046316,10.598261,0.000411,0.012355,-1.298888
001756.npy,0,0.218918,0.000000,0.184314,0.631373,0.026599,8.051027,0.000774,0.003841,-1.393041
001757.npy,0,0.012527,0.043137,0.364706,0.725490,0.015694,5.027697,0.000442,0.000900,-1.523884
001758.npy,0,0.012314,0.043137,0.325490,0.729412,0.015806,5.013731,0.000451,0.000961,-1.522265
001759.npy,0,0.012741,0.043137,0.400000,0.733333,0.015341,5.169873,0.000404,0.000821,-1.519759
001760.npy,0,0.000641,0.094118,0.321569,0.964706,0.019386,6.875645,0.000505,0.001039,-1.394369
001761.npy,0,0.260498,0.003922,0.105882,0.615686,0.053873,3.922866,0.003409,0.007457,-1.004526
001762.npy,0,0.163086,0.003922,0.164706,0.760784,0.073314,3.698088,0.007127,0.012479,-0.973904
001763.npy,0,0.247986,0.003922,0.121569,0.631373,0.049449,3.937219,0.003322,0.005228,-1.018937
001764.npy,0,0.000122,0.243137,0.588235,0.776471,0.044775,3.180005,0.002010,0.001445,-0.910397
001765.npy,0,0.002747,0.074510,0.537255,0.909804,0.031767,2.432417,0.001296,0.000454,-0.825262
001766.npy,0,0.000015,0.121569,0.556863,0.913725,0.031535,2.421777,0.001268,0.000404,-0.816344
001767.npy,0,0.000824,0.078431,0.552941,0.921569,0.031241,2.411308,0.001243,0.000410,-0.832514
001768.npy,0,0.001251,0.137255,0.764706,0.819608,0.012521,10.382750,0.000128,0.000172,-1.471922
001769.npy,0,0.000244,0.270588,0.588235,0.760784,0.030000,3.204638,0.002321,0.002976,-1.463598
001770.npy,0,0.000153,0.321569,0.596078,0.772549,0.030550,3.222576,0.002353,0.002940,-1.442714
001771.npy,0,0.000031,0.388235,0.662745,0.803922,0.026657,3.588471,0.001615,0.002007,-1.432366
001772.npy,1,0.012848,0.043137,0.615686,0.945098,0.086086,4.192952,0.014666,0.030580,-1.213722
001773.npy,0,0.426788,0.007843,0.074510,0.603922,0.033015,4.650002,0.001137,0.004607,-1.008740
001774.npy,0,0.418030,0.007843,0.082353,0.603922,0.033595,4.581205,0.001323,0.004775,-1.004760
001775.npy,0,0.354401,0.007843,0.113725,0.623529,0.037866,4.280429,0.001932,0.005295,-0.998767
001776.npy,1,0.000748,0.086275,0.674510,0.890196,0.096691,4.367963,0.023064,0.047757,-1.030391
001777.npy,1,0.002701,0.070588,0.658824,0.866667,0.068593,4.867055,0.015142,0.031885,-1.315961
001778.npy,1,0.003616,0.066667,0.619608,0.839216,0.071668,4.777551,0.017181,0.033757,-1.316582
001779.npy,1,0.003906,0.062745,0.560784,0.843137,0.075849,4.579508,0.019332,0.033679,-1.286382
001780.npy,0,0.000092,0.600000,0.933333,0.964706,0.018801,9.598461,0.000158,0.000532,-1.148256
001781.npy,0,0.000046,0.486275,0.650980,0.839216,0.046630,2.574091,0.002591,0.000785,-0.688669
001782.npy,0,0.000015,0.400000,0.600000,0.780392,0.042500,2.524010,0.002196,0.000611,-0.709658
001783.npy,0,0.000015,0.427451,0.631373,0.815686,0.044162,2.521820,0.002376,0.000660,-0.711673
001784.npy,0,0.052505,0.015686,0.282353,0.803922,0.038890,7.037632,0.002006,0.009503,-1.369324
001785.npy,0,0.008728,0.050980,0.631373,0.996078,0.049553,5.969449,0.006101,0.020924,-1.484427
001786.npy,0,0.005325,0.058824,0.631373,0.996078,0.049194,6.017287,0.005291,0.022621,-1.482895
001787.npy,0,0.006393,0.058824,0.631373,0.996078,0.049235,6.005522,0.005644,0.021812,-1.486013
001788.npy,0,0.068375,0.027451,0.192157,0.847059,0.038351,6.399769,0.002868,0.009472,-1.594709
001789.npy,0,0.000641,0.184314,0.564706,0.800000,0.059764,3.297229,0.006740,0.007311,-1.242867
001790.npy,0,0.001221,0.160784,0.552941,0.823529,0.064167,3.323246,0.007534,0.007855,-1.212744
001791.npy,0,0.001312,0.164706,0.560784,0.823529,0.062993,3.299360,0.007463,0.008561,-1.219891
001792.npy,0,0.000198,0.129412,0.286275,0.815686,0.053078,6.282310,0.002365,0.003413,-0.914690
001793.npy,0,0.004730,0.070588,0.803922,0.882353,0.060396,6.482636,0.001227,0.023652,-1.187112
001794.npy,0,0.005142,0.068039,0.803922,0.882353,0.061397,6.377535,0.001266,0.023768,-1.188561
001795.npy,1,0.003189,0.074510,0.800000,0.882353,0.065408,6.010535,0.001351,0.034336,-1.183435
001796.npy,0,0.020676,0.043137,0.133333,0.450980,0.026371,5.851061,0.001001,0.001333,-1.342316
001797.npy,0,0.044235,0.031373,0.186275,0.949020,0.032029,9.587031,0.000697,0.004698,-1.432506
001798.npy,0,0.048706,0.035294,0.149020,0.949020,0.044683,6.982542,0.002597,0.008955,-1.328922
001799.npy,0,0.056686,0.027451,0.184314,0.952941,0.033172,9.404154,0.000765,0.005052,-1.429055
001800.npy,0,0.070389,0.011765,0.219608,0.866667,0.020373,4.739571,0.000944,0.001867,-1.667372
001801.npy,0,0.045456,0.027451,0.266667,0.819608,0.008756,3.497914,0.000107,0.000307,-1.467875
001802.npy,0,0.039566,0.035294,0.262745,0.815686,0.008302,3.381540,0.000149,0.000248,-1.478549
001803.npy,0,0.043030,0.031373,0.250980,0.796078,0.008072,3.643781,0.000125,0.000246,-1.473097
001804.npy,0,0.000107,0.319020,0.850980,0.976471,0.011121,11.547806,0.000074,0.000585,-1.599445
001805.npy,0,0.000275,0.168627,0.509804,0.819608,0.045950,4.769017,0.004926,0.009809,-1.486552
001806.npy,0,0.000275,0.168627,0.482353,0.819608,0.045536,4.885657,0.004857,0.009527,-1.486791
001807.npy,0,0.000275,0.168627,0.462745,0.815686,0.044699,4.962378,0.004764,0.009678,-1.485462
001808.npy,0,0.022995,0.023529,0.521569,0.960784,0.041182,6.577112,0.003149,0.014973,-1.836693
001809.npy,0,0.587311,0.003922,0.011765,0.584314,0.012016,7.438698,0.000035,0.000763,-1.572756
001810.npy,0,0.612885,0.003922,0.011765,0.572549,0.011940,10.150373,0.000012,0.000745,-1.626476
001811.npy,0,0.596832,0.003922,0.011765,0.380392,0.010194,11.888778,0.000008,0.000340,-1.679151
001812.npy,0,0.025864,0.039216,0.294118,0.901961,0.041364,5.499588,0.003152,0.010706,-1.341758
001813.npy,1,0.003174,0.074510,0.431373,0.921569,0.069409,4.173194,0.011975,0.016949,-1.413725
001814.npy,1,0.002151,0.082353,0.447059,0.937255,0.071893,4.137069,0.012414,0.018877,-1.393413
001815.npy,0,0.000061,0.200000,0.505882,0.929412,0.058887,4.161759,0.008752,0.013108,-1.418273
001816.npy,0,0.050476,0.007843,0.435294,0.972549,0.039119,6.235799,0.002645,0.008599,-1.578310
001817.npy,0,0.354141,0.003922,0.137255,0.788235,0.020556,4.499347,0.000677,0.001480,-1.361623
001818.npy,0,0.306122,0.003922,0.168627,0.776471,0.021845,4.416416,0.000824,0.001844,-1.425283
001819.npy,0,0.304291,0.003922,0.164706,0.807843,0.023057,4.232462,0.000855,0.001793,-1.379261
001820.npy,1,0.003769,0.105882,0.639216,0.917647,0.070744,4.633162,0.006473,0.025068,-1.160327
001821.npy,0,0.018311,0.027451,0.458824,0.898039,0.068358,4.239125,0.009856,0.014687,-1.171063
001822.npy,1,0.018173,0.027451,0.458824,0.898039,0.071894,4.112987,0.010230,0.016064,-1.150109
001823.npy,0,0.013580,0.039216,0.552941,0.945098,0.061487,4.671556,0.007608,0.014613,-1.177683
001824.npy,0,0.397278,0.003922,0.188235,0.741176,0.026294,8.476986,0.000541,0.002658,-1.241407
001825.npy,0,0.954559,0.000000,0.011765,0.572549,0.006371,13.513788,0.000019,0.000015,-1.576418
001826.npy,0,0.976135,0.000000,0.015686,0.180392,0.005529,9.036567,0.000024,0.000016,-1.466096
001827.npy,0,0.990997,0.000000,0.015686,0.039216,0.005204,3.196871,0.000029,0.000018,-1.147109
001828.npy,0,0.108047,0.027451,0.490196,0.705882,0.030159,3.774260,0.001690,0.002393,-0.959356
001829.npy,0,0.007843,0.054902,0.482353,0.882353,0.042301,7.251879,0.003158,0.017563,-1.462477
001830.npy,0,0.007202,0.058824,0.466667,0.882353,0.042947,6.969149,0.003617,0.017320,-1.466376
001831.npy,0,0.006149,0.062745,0.462745,0.890196,0.044314,6.629806,0.004289,0.017882,-1.463555
001832.npy,1,0.006226,0.070588,0.407843,0.862745,0.093006,3.078157,0.013068,0.009775,-0.993101
001833.npy,0,0.194550,0.011765,0.145098,0.717647,0.056864,4.905333,0.007873,0.015388,-1.238146
001834.npy,0,0.185150,0.011765,0.152941,0.721569,0.057755,4.883622,0.007962,0.016196,-1.241567
001835.npy,0,0.149353,0.011765,0.172549,0.737255,0.061434,4.792391,0.008864,0.016640,-1.234631
001836.npy,0,0.058975,0.019608,0.294118,0.760784,0.063421,4.382937,0.007103,0.008572,-1.026377
001837.npy,0,0.052475,0.007843,0.270588,0.654902,0.042556,5.941687,0.002654,0.007748,-1.137240
001838.npy,0,0.052399,0.007843,0.270588,0.654902,0.042595,5.939569,0.002669,0.007813,-1.137530
001839.npy,0,0.053574,0.007843,0.239216,0.815686,0.050039,5.543564,0.004455,0.014468,-1.171354
001840.npy,0,0.027222,0.019608,0.584314,0.882353,0.032990,9.550297,0.000187,0.007790,-1.257710
001841.npy,0,0.012939,0.047059,0.172549,0.956863,0.027390,6.238354,0.000731,0.002963,-1.436882
001842.npy,0,0.012695,0.047059,0.172549,0.952941,0.025694,5.874465,0.000664,0.002434,-1.436315
001843.npy,0,0.007690,0.050980,0.172549,0.819608,0.023285,5.598495,0.000563,0.001755,-1.302573
001844.npy,0,0.010803,0.047059,0.600000,0.870588,0.038664,3.781700,0.002807,0.003296,-1.440574
001845.npy,0,0.007309,0.050980,0.192157,0.490196,0.021031,6.534173,0.000502,0.000658,-1.223935
001846.npy,0,0.005447,0.058824,0.188235,0.498039,0.021812,6.630359,0.000532,0.000746,-1.203858
001847.npy,0,0.005005,0.058824,0.207843,0.521569,0.022559,6.519371,0.000579,0.000799,-1.212749
001848.npy,1,0.408905,0.000000,0.090196,0.874510,0.097884,5.001720,0.022623,0.049433,-1.061905
001849.npy,0,0.000061,0.321569,0.650980,0.886275,0.020755,2.916417,0.000788,0.000782,-1.295023
001850.npy,0,0.000076,0.313726,0.650980,0.894118,0.021252,2.936519,0.000826,0.000811,-1.295066
001851.npy,0,0.003677,0.074510,0.486275,0.898039,0.023047,2.858685,0.000988,0.001023,-1.353892
001852.npy,0,0.005035,0.117647,0.823529,0.972549,0.020274,5.797098,0.000487,0.000920,-1.281940
001853.npy,0,0.004288,0.125490,0.411765,0.941176,0.025865,4.700776,0.001027,0.002331,-1.580353
001854.npy,0,0.010391,0.047059,0.423529,0.929412,0.023523,4.984323,0.000932,0.002295,-1.662007
001855.npy,0,0.005844,0.090196,0.439216,0.937255,0.024784,4.875080,0.001049,0.002334,-1.640306
001856.npy,0,0.209045,0.007843,0.192157,0.772549,0.011543,6.126315,0.000100,0.000213,-1.484923
001857.npy,0,0.011261,0.047059,0.490196,0.937255,0.010994,8.033451,0.000108,0.000564,-1.633958
001858.npy,0,0.006348,0.054902,0.815686,0.956863,0.014509,5.124037,0.000250,0.000719,-1.611076
001859.npy,0,0.020569,0.039216,0.494118,0.941176,0.009435,6.978323,0.000091,0.000305,-1.630896
001860.npy,0,0.058502,0.007843,0.392157,0.956863,0.013494,2.821396,0.000297,0.000206,-1.353617
001861.npy,0,0.000351,0.125490,0.474510,0.878431,0.024138,2.720405,0.000792,0.000386,-1.032012
001862.npy,0,0.001755,0.149020,0.505882,0.866667,0.024753,2.772089,0.000814,0.000362,-1.069169
001863.npy,0,0.010025,0.047059,0.509804,0.870588,0.025135,2.729245,0.000862,0.000410,-1.134894
001864.npy,0,0.004257,0.062745,0.419608,0.874510,0.074365,4.534035,0.006727,0.012848,-1.086661
001865.npy,0,0.008820,0.054902,0.462745,0.807843,0.015596,3.347700,0.000400,0.000545,-1.397149
001866.npy,0,0.008820,0.050980,0.462745,0.819608,0.015013,3.398272,0.000371,0.000488,-1.415942
001867.npy,0,0.005707,0.062745,0.466667,0.819608,0.015336,3.326747,0.000403,0.000549,-1.415609
001868.npy,0,0.007965,0.054902,0.462745,0.909804,0.032525,3.999913,0.002843,0.006142,-1.782153
001869.npy,0,0.002029,0.086275,0.549020,0.956863,0.023101,4.517786,0.001368,0.002398,-1.685235
001870.npy,0,0.002167,0.082353,0.580392,0.956863,0.024746,4.723124,0.001546,0.002928,-1.708931
001871.npy,0,0.002319,0.082353,0.541176,0.949020,0.023242,4.504688,0.001365,0.002395,-1.685055
001872.npy,1,0.021362,0.035294,0.254902,0.921569,0.108597,3.771412,0.016244,0.019709,-0.894240
001873.npy,1,0.198380,0.015686,0.160784,0.749020,0.079151,4.846510,0.008944,0.017145,-1.038292
001874.npy,1,0.197388,0.015686,0.164706,0.749020,0.079787,4.814208,0.009235,0.017184,-1.046231
001875.npy,1,0.147705,0.015686,0.180392,0.756863,0.085428,4.664711,0.010275,0.016999,-1.024566
001876.npy,0,0.011383,0.047059,0.392157,0.941176,0.033962,5.405934,0.001777,0.004949,-1.395359
001877.npy,0,0.085632,0.015686,0.247059,0.866667,0.011782,2.834153,0.000191,0.000395,-1.323726
001878.npy,0,0.067810,0.019608,0.337255,0.894118,0.014102,2.811870,0.000306,0.000831,-1.327373
001879.npy,0,0.081024,0.019608,0.262745,0.894118,0.012542,2.831465,0.000222,0.000445,-1.313558
001880.npy,0,0.002548,0.086275,0.729412,0.960784,0.043171,4.064810,0.004324,0.007793,-1.576314
001881.npy,0,0.000961,0.184314,0.588235,0.949020,0.047121,3.813437,0.005494,0.008646,-1.578602
001882.npy,0,0.000717,0.203922,0.596078,0.968627,0.046071,3.900781,0.004852,0.008199,-1.606031
001883.npy,0,0.000900,0.200000,0.592157,0.964706,0.046193,3.880898,0.005215,0.008827,-1.599281
001884.npy,0,0.001099,0.807843,0.866667,0.921569,0.004309,2.913779,0.000017,0.000013,-1.316465
001885.npy,0,0.002426,0.372549,0.890196,0.952941,0.005123,12.786600,0.000015,0.000014,-1.379726
001886.npy,0,0.005219,0.094118,0.882353,0.949020,0.007982,18.093752,0.000016,0.000014,-1.423420
001887.npy,0,0.005417,0.105882,0.890196,0.960784,0.007237,16.746891,0.000016,0.000014,-1.408720
001888.npy,0,0.150101,0.003922,0.164706,0.815686,0.061588,4.897087,0.007933,0.019295,-1.231758
001889.npy,0,0.006775,0.058824,0.600000,0.976471,0.015761,4.135602,0.000561,0.001319,-1.588537
001890.npy,0,0.006683,0.058824,0.592157,0.976471,0.016814,3.918421,0.000647,0.001339,-1.569639
001891.npy,0,0.007629,0.054902,0.603922,0.972549,0.015668,4.144979,0.000552,0.001358,-1.587356
001892.npy,0,0.008560,0.066667,0.650980,0.760784,0.025332,10.818771,0.000009,0.003094,-1.057773
001893.npy,0,0.017441,0.027451,0.494118,0.788235,0.045957,7.998252,0.001131,0.016585,-1.251851
001894.npy,0,0.017838,0.019608,0.439216,0.786863,0.041189,8.862020,0.000558,0.013146,-1.254584
001895.npy,0,0.019928,0.015686,0.411765,0.792157,0.037096,9.803865,0.000450,0.010588,-1.265327
001896.npy,0,0.029999,0.023529,0.572549,0.952941,0.031379,3.326283,0.003571,0.007957,-1.652011
001897.npy,0,0.000519,0.105882,0.505882,0.827451,0.038597,2.480947,0.001845,0.000595,-0.811649
001898.npy,0,0.000031,0.133333,0.501961,0.823529,0.037161,2.479909,0.001749,0.000516,-0.829923
001899.npy,0,0.000122,0.125490,0.537255,0.862745,0.038525,2.487149,0.001876,0.000547,-0.825243
001900.npy,0,0.051636,0.035294,0.227451,0.941176,0.024998,7.141407,0.001006,0.006032,-1.756452
001901.npy,0,0.086105,0.011765,0.160784,0.968627,0.020126,7.542151,0.000327,0.003457,-1.809094
001902.npy,0,0.102051,0.007843,0.137255,0.835294,0.019158,7.540761,0.000334,0.003092,-1.751958
001903.npy,0,0.092575,0.011765,0.152941,0.968627,0.018736,7.640028,0.000245,0.002881,-1.785516
001904.npy,0,0.013916,0.043137,0.576471,0.913725,0.031916,6.691720,0.001362,0.005881,-1.535122
001905.npy,0,0.002808,0.094118,0.741176,0.949020,0.027281,7.188701,0.000891,0.005649,-1.744967
001906.npy,0,0.002518,0.125490,0.831373,0.964706,0.021353,7.723535,0.000413,0.002258,-1.739075
001907.npy,0,0.002655,0.133333,0.835294,0.952941,0.019573,8.175275,0.000340,0.001861,-1.678717
001908.npy,1,0.010590,0.047059,0.486275,0.956863,0.118404,3.127067,0.023000,0.024790,-1.082246
001909.npy,0,0.012711,0.039216,0.207843,0.529412,0.026154,5.878394,0.001201,0.002369,-1.427038
001910.npy,0,0.019913,0.019608,0.203922,0.555490,0.031002,6.133002,0.001478,0.002957,-1.329405
001911.npy,0,0.006134,0.066667,0.223529,0.549020,0.026368,5.453986,0.001320,0.002300,-1.440484
001912.npy,1,0.004868,0.062745,0.419608,0.898039,0.102668,3.044015,0.022977,0.017582,-1.194766
001913.npy,0,0.041595,0.031373,0.137255,0.768627,0.059487,4.408113,0.004812,0.014055,-1.152610
001914.npy,0,0.041153,0.031373,0.137255,0.772549,0.059821,4.424654,0.004946,0.014498,-1.156250
001915.npy,0,0.037231,0.035294,0.137255,0.780392,0.057998,4.583611,0.003546,0.013139,-1.134660
001916.npy,1,0.000961,0.160784,0.635294,0.909804,0.086309,3.545393,0.010230,0.011317,-1.008300
001917.npy,0,0.045822,0.003922,0.266667,0.854902,0.053611,4.555663,0.004053,0.006358,-1.260859
001918.npy,0,0.040283,0.003922,0.254902,0.654902,0.047591,4.403819,0.003530,0.004460,-1.235725
001919.npy,0,0.043243,0.003922,0.262745,0.901961,0.054173,4.489460,0.004277,0.006854,-1.299545
001920.npy,0,0.041779,0.031373,0.160784,0.752941,0.032304,5.216468,0.002168,0.006784,-1.674297
001921.npy,0,0.013947,0.043137,0.647059,0.949020,0.053560,4.531957,0.004315,0.009188,-1.243275
001922.npy,0,0.011810,0.047059,0.698039,0.949020,0.052460,4.473999,0.004555,0.009033,-1.239528
001923.npy,0,0.012238,0.047059,0.694118,0.949020,0.052380,4.467537,0.004528,0.009031,-1.239477
001924.npy,0,0.000671,0.090196,0.384314,0.972549,0.049147,4.290154,0.004736,0.008878,-1.518563
001925.npy,0,0.000046,0.519020,0.882353,0.996078,0.060269,2.651118,0.004061,0.000691,-0.643198
001926.npy,0,0.000046,0.678431,0.894118,0.996078,0.055162,2.337651,0.003491,0.000548,-0.567935
001927.npy,0,0.000046,0.545098,0.890196,0.996078,0.057057,2.554386,0.003643,0.000603,-0.648426
001928.npy,1,0.152466,0.003922,0.462745,0.854902,0.072232,3.795801,0.010858,0.014629,-1.078273
001929.npy,0,0.001984,0.090196,0.329412,0.729412,0.062644,3.286530,0.006628,0.007418,-1.170170
001930.npy,0,0.002029,0.090196,0.329412,0.729412,0.062662,3.285673,0.006675,0.007428,-1.170104
001931.npy,0,0.001999,0.098039,0.337255,0.729412,0.062800,3.278368,0.006608,0.007099,-1.163855
001932.npy,0,0.000702,0.180392,0.470588,0.952941,0.023799,9.326739,0.000203,0.002558,-1.360963
001933.npy,0,0.000473,0.137255,0.529412,0.874510,0.032135,2.489799,0.001279,0.000370,-0.901070
001934.npy,0,0.000259,0.149020,0.525490,0.862745,0.033423,2.486223,0.001394,0.000394,-0.885368
001935.npy,0,0.000183,0.223529,0.600000,0.894118,0.028481,2.494649,0.001014,0.000301,-0.931976
001936.npy,0,0.000061,0.407843,0.827451,0.968627,0.023263,6.694189,0.000843,0.002706,-1.369600
001937.npy,0,0.000229,0.149020,0.521569,0.870588,0.047272,2.478923,0.002656,0.000641,-0.637601
001938.npy,0,0.000076,0.196078,0.525490,0.874510,0.040897,2.475055,0.001983,0.000496,-0.683742
001939.npy,0,0.000137,0.188235,0.517647,0.866667,0.040884,2.487001,0.001977,0.000504,-0.682578
001940.npy,0,0.001663,0.101961,0.301961,0.811765,0.038617,6.601905,0.000071,0.009109,-0.997326
001941.npy,0,0.150543,0.011765,0.164706,0.603922,0.076471,3.214208,0.008736,0.008305,-0.947436
001942.npy,0,0.222473,0.007843,0.121569,0.552941,0.068264,3.535570,0.007429,0.008499,-0.960515
001943.npy,0,0.225540,0.007843,0.121569,0.539804,0.068114,3.541548,0.007581,0.008479,-0.937007
001944.npy,0,0.005783,0.066667,0.384314,0.870588,0.042167,4.067084,0.003825,0.005397,-1.329723
001945.npy,0,0.001953,0.070588,0.282353,0.807843,0.049858,5.748649,0.003683,0.008451,-1.349042
001946.npy,0,0.003555,0.066667,0.298039,0.807843,0.048501,5.859487,0.003362,0.008220,-1.354005
001947.npy,0,0.004257,0.066667,0.262745,0.807843,0.053734,5.568889,0.004286,0.010472,-1.312275
001948.npy,0,0.000687,0.121569,0.411765,0.886275,0.054582,5.011056,0.004935,0.010083,-1.124515
001949.npy,0,0.353104,0.007843,0.239216,0.850980,0.036124,5.434671,0.002864,0.008936,-1.662849
001950.npy,0,0.399399,0.007843,0.105882,0.843137,0.035207,6.074088,0.001844,0.009110,-1.638960
001951.npy,0,0.411697,0.007843,0.090196,0.847059,0.035012,6.251574,0.001560,0.008936,-1.635307
001952.npy,1,0.004211,0.066667,0.498039,0.925490,0.081096,3.971812,0.010397,0.016882,-1.135761
001953.npy,0,0.598373,0.011765,0.043137,0.258824,0.011525,10.431797,0.000145,0.000304,-1.271303
001954.npy,0,0.597305,0.011765,0.043137,0.258824,0.011565,10.406981,0.000151,0.000324,-1.271095
001955.npy,0,0.517838,0.007843,0.047059,0.584314,0.014589,11.662430,0.000170,0.000478,-1.322126
001956.npy,0,0.002502,0.082353,0.345098,0.882353,0.069977,4.577150,0.006283,0.014625,-1.059673
001957.npy,0,0.001068,0.094118,0.415686,0.905882,0.025798,2.489683,0.000881,0.000340,-1.000082
001958.npy,0,0.005630,0.050980,0.305882,0.882353,0.025481,2.473202,0.000875,0.000346,-0.999054
001959.npy,0,0.000504,0.137255,0.403922,0.913725,0.025797,2.492049,0.000890,0.000318,-0.993138
001960.npy,0,0.058929,0.015686,0.376471,0.980392,0.022460,10.062792,0.000336,0.000363,-1.497386
001961.npy,0,0.204681,0.007843,0.188235,0.968627,0.020725,10.238717,0.000175,0.001855,-1.631663
001962.npy,0,0.237610,0.007843,0.101961,0.968627,0.022517,10.447277,0.000201,0.002444,-1.611140
001963.npy,0,0.226486,0.007843,0.149020,0.960784,0.019095,10.680723,0.000204,0.000919,-1.593337
001964.npy,0,0.000824,0.109804,0.513726,0.941176,0.063476,3.754436,0.006707,0.008696,-1.242061
001965.npy,0,0.001129,0.082353,0.576471,0.984314,0.041196,4.010740,0.003874,0.007899,-1.537426
001966.npy,0,0.000046,0.145098,0.564706,0.964706,0.036972,3.903308,0.003216,0.005611,-1.524953
001967.npy,0,0.001266,0.082353,0.576471,0.972549,0.039107,4.011970,0.003627,0.006687,-1.532883
001968.npy,0,0.000092,0.090196,0.164706,0.780392,0.012699,4.533780,0.000095,0.000271,-1.483829
001969.npy,0,0.000092,0.203922,0.682353,0.925490,0.028435,2.977149,0.001092,0.000949,-1.127463
001970.npy,0,0.000015,0.239216,0.709804,0.921569,0.026887,2.961456,0.000945,0.000785,-1.109163
001971.npy,0,0.000061,0.227451,0.686275,0.937255,0.027967,2.975349,0.001058,0.000994,-1.140202
001972.npy,1,0.060425,0.031373,0.250980,0.827451,0.089912,4.651109,0.018590,0.040841,-1.075340
001973.npy,0,0.463257,0.003922,0.050980,0.976471,0.046803,10.061432,0.000200,0.018837,-1.182429
001974.npy,0,0.475494,0.003922,0.050980,0.972549,0.042640,10.777089,0.000190,0.004620,-1.186584
001975.npy,0,0.476776,0.003922,0.050980,0.964706,0.035268,12.647382,0.000153,0.000641,-1.188889
001976.npy,1,0.028625,0.000000,0.831373,0.996078,0.098489,5.877128,0.031259,0.070293,-0.839868
001977.npy,0,0.000015,0.345098,0.603922,0.827451,0.078762,2.518364,0.006722,0.002420,-0.358525
001978.npy,0,0.000015,0.345098,0.588235,0.803922,0.075904,2.507875,0.006196,0.001924,-0.346555
001979.npy,0,0.000015,0.337255,0.592157,0.811765,0.078459,2.482164,0.006661,0.002223,-0.344322
001980.npy,0,0.305084,0.000000,0.152941,0.964706,0.027078,10.655850,0.000444,0.003326,-1.525915
001981.npy,0,0.006760,0.062745,0.662745,0.996078,0.054769,4.671197,0.009806,0.022575,-1.661062
001982.npy,0,0.011612,0.047059,0.635294,0.996078,0.054976,4.723104,0.008829,0.021137,-1.701124
001983.npy,0,0.006454,0.062745,0.690196,0.996078,0.052900,4.784234,0.009031,0.020660,-1.658212
001984.npy,0,0.021606,0.039216,0.639216,0.921569,0.021107,9.655596,0.000431,0.001254,-1.614817
001985.npy,0,0.007797,0.066667,0.654902,0.925490,0.017537,6.723229,0.000510,0.000828,-1.464786
001986.npy,0,0.008331,0.062745,0.639216,0.898039,0.016158,6.691884,0.000474,0.000656,-1.467983
001987.npy,0,0.007645,0.070588,0.658824,0.929412,0.017648,6.778208,0.000470,0.000661,-1.468667
001988.npy,0,0.005966,0.126863,0.929412,0.976471,0.008482,16.877932,0.000016,0.000095,-1.550675
001989.npy,0,0.016769,0.039216,0.564706,0.960784,0.008879,7.192042,0.000043,0.000236,-1.595895
001990.npy,0,0.008041,0.054902,0.592157,0.976471,0.009197,6.825814,0.000060,0.000499,-1.588187
001991.npy,0,0.007141,0.054902,0.596078,0.976471,0.008931,6.837842,0.000052,0.000440,-1.596359
001992.npy,0,0.000229,0.894118,0.913725,0.956863,0.003551,2.760915,0.000010,0.000008,-1.268029
001993.npy,0,0.006439,0.064118,0.321569,0.819608,0.064034,3.927122,0.006375,0.006988,-1.129877
001994.npy,0,0.018433,0.015686,0.298039,0.768627,0.061638,4.064526,0.006087,0.007351,-1.151009
001995.npy,0,0.006699,0.066667,0.325490,0.949020,0.065303,4.001009,0.006533,0.008212,-1.172606
001996.npy,1,0.023087,0.039216,0.396078,0.882353,0.063594,3.449698,0.019071,0.031014,-1.604788
001997.npy,0,0.003098,0.062745,0.247059,0.874510,0.035864,6.552708,0.000659,0.002077,-1.412149
001998.npy,0,0.016449,0.043137,0.227451,0.870588,0.036692,6.410030,0.000674,0.004198,-1.464775
001999.npy,0,0.007706,0.050980,0.243137,0.874510,0.036326,6.436598,0.000680,0.003818,-1.439754
002000.npy,1,0.000610,0.078431,0.400000,0.862745,0.065257,4.838454,0.007829,0.020331,-1.040284
002001.npy,0,0.000702,0.074510,0.537255,0.831373,0.032129,2.649680,0.001428,0.000662,-1.092563
002002.npy,0,0.000717,0.074510,0.498039,0.894118,0.028687,2.659252,0.001151,0.000493,-1.098921
002003.npy,0,0.000748,0.066667,0.486275,0.862745,0.028747,2.674050,0.001156,0.000499,-1.110825
002004.npy,0,0.006409,0.058824,0.286275,0.862745,0.023742,2.586720,0.000714,0.000432,-1.043275
002005.npy,0,0.352356,0.000000,0.078431,0.501961,0.058613,4.618005,0.006313,0.009394,-0.967529
002006.npy,0,0.296829,0.000000,0.094118,0.533333,0.066793,4.298984,0.007786,0.010524,-0.914352
002007.npy,0,0.352066,0.000000,0.078431,0.501961,0.058648,4.619136,0.006276,0.009428,-0.967599
002008.npy,0,0.000244,0.125490,0.666667,0.890196,0.035418,7.427226,0.001086,0.008034,-1.233867
002009.npy,0,0.000046,0.207843,0.741176,0.925490,0.017706,9.159565,0.000419,0.000604,-1.365963
002010.npy,0,0.000305,0.117647,0.678431,0.964706,0.020708,3.358372,0.000713,0.000831,-1.366286
002011.npy,0,0.001038,0.101961,0.643137,0.933333,0.019767,3.161132,0.000711,0.000689,-1.292030
002012.npy,0,0.003494,0.070588,0.427451,0.772549,0.046819,4.733180,0.005218,0.012105,-1.481416
002013.npy,0,0.093048,0.023529,0.376471,0.760784,0.028137,5.607514,0.001848,0.005591,-1.802332
002014.npy,0,0.106735,0.023529,0.305882,0.756863,0.029390,5.341009,0.002187,0.007041,-1.797518
002015.npy,0,0.105240,0.023529,0.282353,0.745098,0.030243,5.189442,0.002288,0.007222,-1.784911
002016.npy,0,0.001602,0.160784,0.427451,0.925490,0.019216,6.972978,0.000358,0.001633,-1.471060
002017.npy,0,0.005844,0.062745,0.447059,0.792157,0.061534,3.878697,0.009336,0.014827,-1.378321
002018.npy,0,0.006531,0.058824,0.450980,0.811765,0.065731,3.910634,0.010430,0.015880,-1.363947
002019.npy,0,0.005981,0.058824,0.458824,0.780392,0.064485,3.957854,0.009806,0.015855,-1.375151
002020.npy,0,0.001953,0.066667,0.239216,0.847059,0.038726,6.628025,0.000412,0.015168,-1.588095
002021.npy,0,0.002258,0.098039,0.623529,0.917647,0.046428,4.012318,0.003667,0.006337,-1.468248
002022.npy,0,0.002243,0.129412,0.631373,0.894118,0.046133,3.921596,0.003701,0.006746,-1.395985
002023.npy,0,0.002213,0.105882,0.603922,0.898039,0.044467,3.745003,0.003662,0.005355,-1.444775
002024.npy,1,0.023743,0.027451,0.462745,0.992157,0.110352,4.473702,0.014173,0.040520,-1.009307
002025.npy,0,0.000381,0.254902,0.537255,0.733333,0.026099,6.557287,0.000124,0.002855,-1.141808
002026.npy,0,0.000366,0.231373,0.533333,0.737255,0.030000,5.730909,0.000150,0.004522,-1.194988
002027.npy,0,0.000763,0.243137,0.568627,0.827451,0.032144,5.747376,0.000189,0.005094,-1.239107
002028.npy,1,0.002335,0.074510,0.349020,0.788235,0.086816,3.644423,0.011700,0.013311,-0.883753
002029.npy,0,0.000015,0.290196,0.733333,0.870588,0.025413,5.519736,0.000989,0.002188,-1.308077
002030.npy,0,0.000107,0.380392,0.741176,0.870588,0.025770,5.846906,0.000958,0.002339,-1.273842
002031.npy,0,0.000031,0.439216,0.780392,0.894118,0.020828,6.030447,0.000636,0.001434,-1.316308
002032.npy,0,0.003220,0.082353,0.384314,0.858824,0.065001,5.309354,0.005758,0.014023,-1.100900
002033.npy,0,0.002274,0.078431,0.184314,0.682353,0.037136,7.469744,0.001333,0.004759,-1.092844
002034.npy,0,0.002609,0.078431,0.184314,0.698039,0.037102,7.933387,0.001180,0.004540,-1.097739
002035.npy,0,0.002274,0.082353,0.192157,0.717647,0.036830,7.938438,0.001202,0.004274,-1.100030
002036.npy,0,0.024689,0.031373,0.478431,0.960784,0.012007,2.793650,0.000291,0.000357,-1.206808
002037.npy,0,0.000031,0.141176,0.470588,0.901961,0.032939,2.658200,0.001429,0.001174,-0.932857
002038.npy,0,0.004272,0.109804,0.560784,0.968627,0.044145,2.678699,0.002632,0.002040,-0.886208
002039.npy,0,0.002457,0.101961,0.458824,0.901961,0.034670,2.682646,0.001605,0.001297,-0.931093
002040.npy,1,0.000839,0.117647,0.584314,0.996078,0.084725,4.773801,0.010389,0.020580,-1.066574
002041.npy,1,0.000778,0.231373,0.772549,0.996078,0.130672,3.134193,0.026060,0.018088,-0.818006
002042.npy,1,0.000565,0.262745,0.800000,0.996078,0.124117,3.222361,0.023828,0.017703,-0.817467
002043.npy,1,0.000763,0.231373,0.772549,0.996078,0.130607,3.137020,0.025991,0.018076,-0.818072
002044.npy,0,0.000961,0.137255,0.780392,0.854902,0.041840,6.280834,0.002072,0.012752,-1.100363
002045.npy,1,0.000504,0.145098,0.462745,0.929412,0.058894,5.786379,0.006332,0.025911,-1.065135
002046.npy,1,0.000473,0.149020,0.462745,0.929412,0.058789,5.791966,0.006010,0.025575,-1.063680
002047.npy,0,0.000229,0.207843,0.454902,0.925490,0.041919,8.070704,0.000009,0.017025,-1.050065
002048.npy,0,0.416702,0.031373,0.054902,0.545098,0.029831,8.282336,0.000361,0.008405,-1.277976
002049.npy,0,0.029388,0.035294,0.141176,0.466667,0.017518,5.948647,0.000489,0.000951,-1.443911
002050.npy,0,0.021011,0.039216,0.145098,0.462745,0.017332,5.872430,0.000490,0.000999,-1.439376
002051.npy,0,0.022629,0.039216,0.145098,0.466667,0.017735,6.016382,0.000484,0.001072,-1.424949
002052.npy,0,0.171432,0.003922,0.152941,0.996078,0.038324,9.542060,0.000359,0.011017,-1.469425
002053.npy,0,0.031311,0.007843,0.313726,0.780392,0.054779,4.622312,0.005965,0.010226,-1.204827
002054.npy,0,0.048340,0.003922,0.313726,0.788235,0.055512,4.908270,0.006645,0.010927,-1.240747
002055.npy,0,0.048264,0.003922,0.305882,0.792157,0.055212,4.936874,0.006041,0.011024,-1.237140
002056.npy,0,0.406433,0.000000,0.082353,0.682353,0.032294,6.662610,0.001393,0.010752,-1.522959
002057.npy,0,0.193130,0.000000,0.227451,0.811765,0.037362,5.792231,0.003029,0.010814,-1.614075
002058.npy,0,0.198441,0.000000,0.215686,0.780392,0.035044,6.211453,0.002793,0.008718,-1.561894
002059.npy,0,0.198181,0.000000,0.215686,0.784314,0.035169,6.220408,0.002819,0.008771,-1.561943
002060.npy,1,0.023087,0.035294,0.352941,0.921569,0.071662,4.619380,0.015090,0.023053,-1.477458
002061.npy,0,0.000519,0.192157,0.529412,0.839216,0.027169,4.892706,0.000962,0.002389,-1.330374
002062.npy,0,0.000504,0.188235,0.525490,0.827451,0.028720,4.857503,0.001163,0.002676,-1.306902
002063.npy,0,0.000519,0.192157,0.529412,0.839216,0.027195,4.886970,0.000963,0.002374,-1.330052
002064.npy,0,0.000473,0.109804,0.345098,0.850980,0.039232,2.450991,0.001910,0.000511,-0.870699
002065.npy,1,0.003998,0.062745,0.603922,0.815686,0.072742,4.994804,0.010129,0.028273,-1.260467
002066.npy,1,0.003784,0.062745,0.631373,0.823529,0.071961,5.101832,0.008471,0.028464,-1.264847
002067.npy,1,0.005722,0.058824,0.588235,0.803922,0.072298,5.061672,0.010427,0.028292,-1.273080
002068.npy,0,0.096466,0.003922,0.419608,0.756863,0.053374,4.422986,0.004956,0.010522,-1.184933
002069.npy,0,0.335312,0.000000,0.086275,0.423529,0.014168,5.226625,0.000321,0.000908,-1.566370
002070.npy,0,0.299667,0.000000,0.090196,0.400000,0.014212,4.593844,0.000389,0.000941,-1.559849
002071.npy,0,0.408112,0.000000,0.066667,0.400000,0.013701,6.012312,0.000258,0.000791,-1.591879
002072.npy,1,0.005966,0.070588,0.305882,0.996078,0.087000,3.953404,0.011894,0.023903,-1.054228
002073.npy,1,0.012909,0.039216,0.372549,0.996078,0.114304,3.677010,0.024069,0.040855,-1.116934
002074.npy,1,0.013016,0.039216,0.368627,0.996078,0.114386,3.680192,0.024657,0.040216,-1.113076
002075.npy,1,0.013702,0.035294,0.388235,0.996078,0.119843,3.469705,0.025418,0.037824,-1.104318
002076.npy,0,0.000412,0.129412,0.847059,0.960784,0.035184,4.197618,0.001715,0.005727,-1.474957
002077.npy,1,0.097183,0.000000,0.231373,0.792157,0.072022,3.971985,0.012335,0.018323,-1.395330
002078.npy,1,0.113052,0.000000,0.227451,0.792157,0.072944,3.947392,0.013411,0.018239,-1.389173
002079.npy,1,0.104797,0.000000,0.231373,0.792157,0.072059,3.973142,0.012561,0.018316,-1.392811
002080.npy,1,0.037598,0.031373,0.278431,0.862745,0.068833,4.576276,0.010752,0.018135,-1.167671
002081.npy,0,0.000168,0.219608,0.741176,0.933333,0.025281,2.665415,0.000712,0.000392,-0.968019
002082.npy,0,0.000076,0.231373,0.737255,0.933333,0.026374,2.640050,0.000776,0.000397,-0.950263
002083.npy,0,0.000214,0.211765,0.745098,0.941176,0.025074,2.674816,0.000701,0.000400,-0.977757
002084.npy,0,0.007904,0.066667,0.541176,0.847059,0.021335,3.381783,0.001292,0.002195,-1.711307
002085.npy,0,0.002960,0.164706,0.513726,0.721569,0.037858,4.034299,0.001898,0.002612,-1.277222
002086.npy,0,0.002228,0.164706,0.505882,0.756863,0.039662,3.850861,0.002230,0.002949,-1.307006
002087.npy,0,0.002197,0.164706,0.505882,0.756863,0.039777,3.856985,0.002217,0.002950,-1.306811
002088.npy,0,0.006744,0.054902,0.294118,0.780392,0.055281,4.879086,0.003930,0.012249,-1.227817
002089.npy,0,0.069778,0.031373,0.403922,0.721569,0.012627,3.074428,0.000229,0.000371,-1.418764
002090.npy,0,0.010727,0.047059,0.419608,0.909804,0.015663,2.933198,0.000327,0.000465,-1.373986
002091.npy,0,0.094055,0.031373,0.137255,0.698039,0.012104,2.920287,0.000179,0.000222,-1.373716
002092.npy,0,0.017532,0.031373,0.450980,0.890196,0.068464,4.232794,0.009702,0.016785,-1.311175
002093.npy,0,0.003433,0.090196,0.588235,0.980392,0.026666,4.180281,0.002330,0.005640,-1.759351
002094.npy,0,0.003052,0.101961,0.556863,0.976471,0.028713,4.053919,0.002690,0.005326,-1.737630
002095.npy,0,0.003708,0.086275,0.584314,0.976471,0.026737,4.174263,0.002362,0.005711,-1.760125
002096.npy,0,0.002838,0.074510,0.290196,0.643137,0.052793,4.097953,0.004893,0.006691,-1.256806
002097.npy,0,0.001633,0.109804,0.643137,0.933333,0.023955,2.934155,0.000805,0.000862,-1.202702
002098.npy,0,0.001617,0.109804,0.749020,0.949020,0.022571,2.999325,0.000653,0.000648,-1.233801
002099.npy,0,0.001419,0.121569,0.690196,0.925490,0.023416,2.887425,0.000729,0.000700,-1.187698
002100.npy,0,0.000305,0.133333,0.470588,0.831373,0.030464,2.506891,0.001099,0.000368,-0.899754
002101.npy,0,0.009048,0.050980,0.607843,0.917647,0.028477,7.041633,0.001216,0.006330,-1.703086
002102.npy,0,0.010651,0.047059,0.564706,0.909804,0.027962,7.140814,0.001190,0.006030,-1.705875
002103.npy,0,0.007034,0.054902,0.627451,0.917647,0.027407,6.573091,0.001642,0.006270,-1.721609
002104.npy,0,0.000549,0.149020,0.698039,0.956863,0.019066,4.240317,0.000562,0.002780,-1.624791
002105.npy,0,0.000107,0.505882,0.862745,0.945098,0.015422,2.857067,0.000258,0.000103,-1.169484
002106.npy,0,0.000168,0.282353,0.792157,0.933333,0.023486,2.672899,0.000633,0.000231,-1.061777
002107.npy,0,0.000153,0.290196,0.796078,0.933333,0.023505,2.674686,0.000632,0.000234,-1.062976
002108.npy,0,0.000031,0.137255,0.470588,0.847059,0.037403,2.602722,0.001637,0.000496,-0.769087
002109.npy,0,0.028961,0.039216,0.156863,0.878431,0.044958,5.812728,0.002385,0.010765,-1.360040
002110.npy,0,0.029755,0.035294,0.168627,0.878431,0.046684,5.608488,0.002640,0.010870,-1.359537
002111.npy,0,0.030289,0.035294,0.156863,0.878431,0.044917,5.820926,0.002368,0.010771,-1.360008
002112.npy,0,0.125870,0.019608,0.192157,0.988235,0.036318,5.833316,0.002254,0.009922,-1.705565
002113.npy,0,0.004669,0.074510,0.482353,0.858824,0.029457,4.970197,0.001952,0.005113,-1.701490
002114.npy,0,0.005508,0.066667,0.466667,0.882353,0.029480,5.113152,0.001838,0.005076,-1.682404
002115.npy,0,0.003464,0.074510,0.474510,0.988235,0.030627,5.313416,0.001987,0.005601,-1.686023
002116.npy,0,0.002869,0.105882,0.525490,0.854902,0.020106,5.063614,0.000746,0.002067,-1.491160
002117.npy,1,0.029541,0.011765,0.549020,0.952941,0.092261,4.090798,0.012170,0.018067,-1.107327
002118.npy,1,0.029846,0.007843,0.549020,0.956863,0.093122,4.098836,0.012353,0.018871,-1.103493
002119.npy,1,0.031387,0.007843,0.549020,0.960784,0.098688,3.977695,0.014659,0.020343,-1.081893
002120.npy,0,0.165024,0.015686,0.176471,0.866667,0.038906,6.784325,0.001977,0.009447,-1.383524
002121.npy,0,0.010651,0.047059,0.356863,0.784314,0.034976,4.829662,0.001545,0.003505,-1.470677
002122.npy,0,0.010529,0.047059,0.352941,0.780392,0.034886,4.835465,0.001551,0.003497,-1.470020
002123.npy,0,0.007431,0.054902,0.364706,0.912353,0.034995,4.892596,0.001639,0.002912,-1.453385
002124.npy,1,0.007004,0.062745,0.572549,0.979020,0.114810,2.932072,0.024873,0.020158,-1.139615
002125.npy,1,0.008881,0.050980,0.329412,0.925490,0.113846,3.193076,0.021746,0.023713,-1.035465
002126.npy,1,0.010193,0.047059,0.352941,0.945098,0.118010,3.168314,0.024119,0.025303,-1.046702
002127.npy,1,0.009338,0.050980,0.380392,0.949020,0.122819,3.034493,0.027078,0.024864,-1.054841
002128.npy,1,0.061127,0.019608,0.450980,0.992157,0.068147,4.088176,0.011003,0.018615,-1.170789
002129.npy,0,0.000748,0.701961,0.807843,0.921569,0.008316,29.285057,0.000032,0.000057,-1.155810
002130.npy,0,0.000580,0.615686,0.811765,0.967255,0.007583,20.089127,0.000034,0.000059,-1.225756
002131.npy,0,0.000061,0.635294,0.815686,0.988235,0.008236,27.339180,0.000031,0.000053,-1.231587
002132.npy,0,0.030731,0.027451,0.294118,0.933333,0.046589,5.993711,0.003319,0.009348,-1.438275
002133.npy,0,0.003922,0.070588,0.419608,0.811765,0.081992,3.237956,0.010816,0.008397,-1.024368
002134.npy,1,0.003113,0.082353,0.411765,0.835294,0.086313,3.264839,0.011762,0.010160,-1.032403
002135.npy,0,0.004227,0.070588,0.415686,0.815686,0.080818,3.262635,0.010472,0.008867,-1.034550
002136.npy,1,0.064682,0.000000,0.572549,0.925490,0.077649,5.301651,0.009795,0.027323,-1.161384
002137.npy,0,0.125397,0.000000,0.549020,0.921569,0.044380,4.701150,0.004853,0.010856,-1.594824
002138.npy,0,0.124283,0.000000,0.549020,0.921569,0.044545,4.717895,0.004711,0.011079,-1.597440
002139.npy,0,0.119583,0.000000,0.541176,0.905882,0.044031,4.629207,0.004810,0.012206,-1.613734
002140.npy,0,0.130081,0.031373,0.278431,0.639216,0.038239,4.468242,0.002455,0.006000,-1.311371
002141.npy,0,0.000122,0.401373,0.866667,0.941176,0.007515,8.873379,0.000035,0.000019,-1.287505
002142.npy,0,0.000076,0.686275,0.792157,0.909804,0.008894,2.727095,0.000083,0.000042,-0.963939
002143.npy,0,0.000229,0.129412,0.494118,0.870588,0.030616,2.765040,0.001280,0.000629,-0.958175
002144.npy,0,0.009293,0.050980,0.784314,0.850980,0.020007,13.344481,0.000151,0.001018,-1.479622
002145.npy,0,0.000168,0.235294,0.517647,0.800000,0.075882,2.843511,0.008972,0.005596,-0.977693
002146.npy,0,0.000137,0.215686,0.490196,0.752941,0.071644,2.863616,0.008033,0.005245,-0.972558
002147.npy,0,0.000076,0.235294,0.517647,0.796078,0.074173,2.849342,0.008500,0.005726,-0.986126
002148.npy,0,0.171310,0.007843,0.360784,0.945098,0.014892,11.443433,0.000165,0.000791,-1.755716
002149.npy,0,0.444916,0.011765,0.058824,0.921569,0.010865,12.597077,0.000023,0.000453,-1.679625
002150.npy,0,0.353027,0.007843,0.074510,0.925490,0.009429,9.183852,0.000023,0.000025,-1.627948
002151.npy,0,0.309921,0.007843,0.082353,0.921569,0.010718,10.036297,0.000023,0.000403,-1.629519
002152.npy,0,0.157913,0.007843,0.200000,0.905882,0.060216,5.128205,0.005473,0.009682,-1.212174
002153.npy,0,0.001877,0.105882,0.478431,0.890196,0.050165,2.463708,0.003125,0.000888,-0.721337
002154.npy,0,0.000458,0.125490,0.498039,0.956863,0.050241,2.461520,0.003155,0.000890,-0.705220
002155.npy,0,0.000015,0.133333,0.470588,0.870588,0.046679,2.465484,0.002699,0.000761,-0.698632
002156.npy,0,0.008484,0.054902,0.407843,0.933333,0.052421,4.209454,0.006587,0.013593,-1.520464
002157.npy,0,0.069061,0.015686,0.549020,0.713726,0.030764,6.941216,0.001238,0.002440,-1.398898
002158.npy,0,0.016235,0.031373,0.678431,0.831373,0.036989,5.770257,0.001789,0.002560,-1.310465
002159.npy,0,0.038986,0.019608,0.584314,0.717647,0.030701,6.259106,0.001257,0.001855,-1.351807
002160.npy,0,0.003281,0.086275,0.517647,0.780392,0.036123,5.977088,0.001983,0.007591,-1.088318
002161.npy,0,0.004242,0.082353,0.474510,0.890196,0.065464,3.755589,0.007686,0.010662,-1.122726
002162.npy,0,0.003387,0.094118,0.490196,0.894118,0.064513,3.867855,0.007841,0.011369,-1.145450
002163.npy,0,0.002350,0.105882,0.505882,0.894118,0.060813,4.095319,0.007203,0.011504,-1.175612
002164.npy,0,0.016113,0.039216,0.525490,0.976471,0.054833,6.051310,0.006466,0.023490,-1.272747
002165.npy,0,0.000595,0.250980,0.650980,0.898039,0.016489,3.694000,0.000571,0.000965,-1.472929
002166.npy,0,0.000580,0.286275,0.678431,0.913725,0.016062,3.670398,0.000517,0.000912,-1.455286
002167.npy,0,0.000580,0.250980,0.650980,0.894118,0.016466,3.695839,0.000562,0.000970,-1.472434
002168.npy,0,0.008560,0.054902,0.764706,0.921569,0.018562,5.348938,0.000478,0.001214,-1.594427
002169.npy,0,0.033310,0.023529,0.603922,0.996078,0.030975,4.437007,0.002994,0.008614,-1.789948
002170.npy,0,0.081787,0.015686,0.333333,0.996078,0.029578,4.407305,0.002450,0.007486,-1.860717
002171.npy,0,0.067184,0.015686,0.443137,0.996078,0.027554,4.907590,0.001694,0.007699,-1.849887
002172.npy,0,0.000183,0.113725,0.329412,0.992157,0.040047,5.842912,0.002577,0.006634,-1.293940
002173.npy,1,0.015656,0.043137,0.258824,0.988235,0.056796,5.398960,0.008878,0.035449,-1.479490
002174.npy,1,0.015320,0.043137,0.209804,0.988235,0.054118,5.583470,0.006531,0.034190,-1.487078
002175.npy,1,0.018936,0.039216,0.250980,0.988235,0.050947,5.811902,0.004973,0.031959,-1.512711
002176.npy,0,0.330093,0.019608,0.243137,0.737255,0.038731,4.789672,0.004709,0.013163,-1.633471
002177.npy,0,0.000153,0.125490,0.317647,0.549020,0.040913,2.653285,0.002571,0.001566,-1.034573
002178.npy,0,0.000519,0.117647,0.313726,0.545098,0.041650,2.631728,0.002688,0.001589,-1.026029
002179.npy,0,0.000092,0.125490,0.321569,0.549020,0.041029,2.635381,0.002615,0.001554,-1.027119
002180.npy,0,0.026535,0.031373,0.552941,0.831373,0.053808,4.772676,0.005599,0.012836,-1.256865
002181.npy,0,0.003113,0.082353,0.639216,0.964706,0.036800,5.258020,0.002227,0.008969,-1.658335
002182.npy,0,0.002823,0.086275,0.639216,0.964706,0.038833,5.352392,0.002615,0.011898,-1.660892
002183.npy,0,0.003265,0.078431,0.682353,0.968627,0.038017,5.226664,0.002646,0.010410,-1.681270
002184.npy,0,0.035828,0.035294,0.301961,0.886275,0.054355,6.227424,0.002470,0.016886,-1.145878
002185.npy,0,0.066040,0.019608,0.733333,0.976471,0.015003,10.718889,0.000150,0.000597,-1.660601
002186.npy,0,0.004517,0.070588,0.768627,0.984314,0.015137,10.060328,0.000165,0.000710,-1.684564
002187.npy,0,0.059158,0.023529,0.721569,0.980392,0.015153,10.739737,0.000135,0.000587,-1.654108
002188.npy,1,0.000793,0.113725,0.368627,0.996078,0.075789,4.983546,0.005572,0.025433,-1.280728
002189.npy,0,0.004425,0.086275,0.709804,0.996078,0.039551,7.890696,0.002174,0.010500,-1.316538
002190.npy,0,0.007568,0.062745,0.737255,0.996078,0.042329,7.556625,0.002245,0.011998,-1.234987
002191.npy,0,0.003006,0.109804,0.733333,0.996078,0.035615,8.638846,0.000960,0.008282,-1.282802
002192.npy,0,0.000839,0.125490,0.388235,0.850980,0.025974,2.576603,0.001043,0.001147,-1.194879
002193.npy,0,0.002792,0.070588,0.337255,0.870588,0.020338,2.530650,0.000529,0.000304,-1.074403
002194.npy,0,0.003601,0.066667,0.286275,0.866667,0.019968,2.549330,0.000512,0.000258,-1.124291
002195.npy,0,0.003036,0.070588,0.337255,0.874510,0.020497,2.547254,0.000537,0.000313,-1.073971
002196.npy,1,0.006882,0.058824,0.443137,0.949020,0.061923,7.243868,0.006215,0.037820,-1.268672
002197.npy,0,0.219879,0.003922,0.094118,0.580392,0.019198,7.019371,0.000558,0.001079,-1.468114
002198.npy,0,0.120819,0.007843,0.141176,0.482353,0.023563,4.923405,0.001047,0.001941,-1.483432
002199.npy,0,0.218262,0.003922,0.094118,0.580392,0.019202,7.065290,0.000562,0.001099,-1.467700
002200.npy,0,0.009720,0.050980,0.623529,0.878431,0.044032,5.993319,0.001880,0.008196,-1.203874
002201.npy,0,0.000320,0.152941,0.431373,0.784314,0.051437,3.891252,0.005625,0.007470,-1.298792
002202.npy,0,0.000290,0.152941,0.431373,0.788235,0.051517,3.893983,0.005637,0.007554,-1.299078
002203.npy,0,0.000305,0.152941,0.431373,0.784314,0.051417,3.894416,0.005576,0.007507,-1.298985
002204.npy,1,0.011353,0.047059,0.811765,0.949020,0.159045,3.295152,0.086922,0.039735,-1.053119
002205.npy,1,0.000076,0.176471,0.925490,0.980392,0.104242,4.445546,0.048696,0.074458,-1.091287
002206.npy,1,0.000061,0.176471,0.925490,0.976471,0.109194,4.254332,0.053672,0.070829,-1.094920
002207.npy,1,0.000046,0.180392,0.921569,0.976471,0.108668,4.190572,0.052047,0.063017,-1.077949
002208.npy,0,0.000031,0.317647,0.654902,0.917647,0.071064,3.705621,0.008454,0.008281,-0.837280
002209.npy,0,0.000870,0.105882,0.333333,0.713726,0.064064,3.822899,0.005777,0.011653,-0.946762
002210.npy,0,0.000916,0.094118,0.321569,0.709804,0.063543,3.789141,0.005963,0.012549,-0.970551
002211.npy,0,0.000748,0.098039,0.329412,0.709804,0.063623,3.783053,0.005675,0.012346,-0.969473
002212.npy,0,0.000153,0.200000,0.443137,0.654902,0.056415,2.465493,0.004074,0.001241,-0.759085
002213.npy,0,0.037949,0.035294,0.098039,0.266667,0.018871,4.898579,0.000356,0.000879,-1.144316
002214.npy,0,0.021744,0.035294,0.113725,0.317647,0.019519,5.147846,0.000391,0.001167,-1.212617
002215.npy,0,0.025299,0.035294,0.105882,0.298039,0.020370,4.813771,0.000467,0.001264,-1.183964
002216.npy,0,0.537186,0.000000,0.043137,0.458824,0.026083,7.824830,0.000603,0.002663,-1.199412
002217.npy,0,0.727951,0.000000,0.011765,0.266667,0.009324,6.888314,0.000079,0.000319,-1.406435
002218.npy,0,0.672714,0.000000,0.015686,0.294118,0.011818,5.983853,0.000153,0.000487,-1.393176
002219.npy,0,0.750717,0.000000,0.015686,0.305882,0.013925,6.877736,0.000091,0.000601,-1.311735
002220.npy,0,0.011963,0.043137,0.670588,0.949020,0.015302,2.474753,0.000427,0.000329,-1.277140
002221.npy,0,0.110275,0.011765,0.309804,0.968627,0.012244,5.972384,0.000181,0.000457,-1.579075
002222.npy,0,0.095810,0.007843,0.372549,0.968627,0.012400,5.952359,0.000148,0.000486,-1.570912
002223.npy,0,0.107635,0.011765,0.333333,0.960784,0.011621,5.766241,0.000171,0.000466,-1.556105
002224.npy,0,0.996429,0.000000,0.011765,0.039216,0.003399,3.363542,0.000011,0.000005,-1.190167
002225.npy,0,0.962250,0.003922,0.019608,0.098039,0.005575,3.534891,0.000031,0.000019,-1.081700
002226.npy,0,0.960983,0.003922,0.019608,0.098039,0.005587,3.509569,0.000031,0.000019,-1.077722
002227.npy,0,0.961945,0.003922,0.019608,0.098039,0.005563,3.524770,0.000031,0.000019,-1.081431
002228.npy,1,0.022064,0.031373,0.282353,0.811765,0.090831,3.904460,0.015675,0.019594,-1.036080
002229.npy,0,0.001709,0.172549,0.850980,0.980392,0.014735,7.015736,0.000242,0.000669,-1.733740
002230.npy,0,0.000381,0.250980,0.866667,0.984314,0.013176,5.976797,0.000192,0.000559,-1.720426
002231.npy,0,0.002182,0.176471,0.850980,0.980392,0.016525,5.577985,0.000284,0.001116,-1.736005
002232.npy,0,0.012604,0.039216,0.752941,0.976471,0.020598,9.880148,0.000320,0.001248,-1.584586
002233.npy,0,0.000198,0.458824,0.866667,0.980392,0.022777,7.261121,0.000779,0.003087,-1.586014
002234.npy,0,0.000198,0.454902,0.862745,0.980392,0.022965,6.919329,0.000930,0.003098,-1.584741
002235.npy,0,0.000198,0.454902,0.858824,0.980392,0.022949,6.899963,0.000910,0.003181,-1.578532
002236.npy,1,0.272568,0.000000,0.247059,0.901961,0.084831,4.756819,0.018775,0.033571,-1.235445
002237.npy,1,0.167923,0.000000,0.278431,0.905882,0.067551,4.875822,0.009011,0.021047,-1.246322
002238.npy,1,0.130157,0.000000,0.262745,0.882353,0.070680,4.763572,0.009171,0.020806,-1.256139
002239.npy,1,0.174728,0.000000,0.235294,0.850980,0.077224,4.389403,0.011475,0.022342,-1.223162
002240.npy,0,0.001450,0.105882,0.301961,0.588235,0.019189,5.508342,0.000483,0.000948,-1.373026
002241.npy,0,0.000336,0.137255,0.501961,0.858824,0.042588,2.455730,0.002192,0.000673,-0.876998
002242.npy,0,0.000153,0.149020,0.494118,0.843137,0.041737,2.450148,0.002104,0.000612,-0.877073
002243.npy,0,0.000778,0.125490,0.490196,0.854902,0.043086,2.450700,0.002227,0.000692,-0.876541
002244.npy,0,0.001694,0.141176,0.933333,0.968627,0.043255,9.896169,0.000051,0.000022,-0.993896
002245.npy,0,0.154968,0.031373,0.062745,0.443137,0.018869,6.213660,0.000194,0.000319,-1.264136
002246.npy,0,0.100571,0.035294,0.070588,0.611765,0.022934,7.859034,0.000212,0.001032,-1.367695
002247.npy,0,0.060196,0.035294,0.078431,0.564706,0.024253,6.407517,0.000301,0.000957,-1.289114
002248.npy,1,0.014511,0.019608,0.517647,0.988235,0.088485,3.784681,0.017006,0.024208,-1.359675
002249.npy,0,0.008713,0.054902,0.407843,0.972549,0.039239,3.977657,0.004239,0.006948,-1.681933
002250.npy,0,0.008728,0.054902,0.400000,0.972549,0.039829,3.892574,0.004523,0.007024,-1.676239
002251.npy,0,0.008728,0.054902,0.372549,0.780392,0.040662,3.594715,0.004450,0.006450,-1.638998
002252.npy,1,0.008026,0.054902,0.721569,0.909804,0.066892,4.322042,0.005051,0.023298,-1.106039
002253.npy,0,0.040573,0.011765,0.698039,0.933333,0.054674,5.989108,0.002045,0.005232,-0.972083
002254.npy,0,0.040573,0.011765,0.733333,0.937255,0.053947,6.070865,0.001916,0.005873,-0.975179
002255.npy,0,0.040131,0.011765,0.705882,0.933333,0.054627,6.002512,0.002040,0.005438,-0.969187
002256.npy,0,0.000870,0.109804,0.345098,0.486275,0.048901,2.984465,0.004158,0.003216,-1.001064
002257.npy,1,0.012390,0.047059,0.290196,0.870588,0.121268,3.480371,0.035486,0.039074,-1.132927
002258.npy,1,0.014740,0.043137,0.266667,0.850980,0.114954,3.561513,0.031226,0.038449,-1.135393
002259.npy,1,0.016571,0.043137,0.274510,0.854902,0.120203,3.487662,0.035611,0.040061,-1.118282
002260.npy,1,0.008163,0.054902,0.447059,0.839216,0.095748,3.892034,0.017413,0.022394,-1.026087
002261.npy,0,0.000443,0.325490,0.564706,0.972549,0.015333,4.869630,0.000459,0.001295,-1.670505
002262.npy,0,0.000443,0.341176,0.545098,0.949020,0.012636,4.987350,0.000326,0.000778,-1.758710
002263.npy,0,0.000443,0.345098,0.549020,0.956863,0.013743,4.796081,0.000384,0.001047,-1.782265
002264.npy,1,0.001480,0.094118,0.894118,0.941176,0.084086,4.995314,0.034435,0.088804,-1.207037
002265.npy,0,0.001419,0.070588,0.098039,0.776471,0.037393,9.639370,0.000328,0.019754,-1.310191
002266.npy,0,0.000916,0.074510,0.098039,0.775098,0.033485,10.736112,0.000157,0.013490,-1.290343
002267.npy,0,0.001083,0.070588,0.098039,0.776471,0.036357,9.848297,0.000284,0.018166,-1.310315
002268.npy,0,0.004227,0.070588,0.290196,0.976471,0.046642,4.593027,0.004266,0.016582,-1.549767
002269.npy,0,0.124588,0.019608,0.164706,0.529412,0.020300,4.846674,0.000816,0.001637,-1.600143
002270.npy,0,0.110504,0.019608,0.156863,0.482353,0.018308,4.789530,0.000705,0.001261,-1.560160
002271.npy,0,0.108490,0.019608,0.156863,0.482353,0.018332,4.776134,0.000710,0.001265,-1.560382
002272.npy,0,0.040024,0.027451,0.227451,0.850980,0.044056,4.437135,0.005268,0.012508,-1.633997
002273.npy,0,0.908844,0.007843,0.031373,0.784314,0.010054,10.667329,0.000058,0.000033,-1.552798
002274.npy,0,0.900589,0.011765,0.031373,0.776471,0.009549,10.132277,0.000056,0.000030,-1.583388
002275.npy,0,0.896759,0.011765,0.031373,0.776471,0.009571,10.172626,0.000056,0.000031,-1.582292
002276.npy,0,0.001160,0.058824,0.298039,0.592157,0.018535,5.225452,0.000391,0.001097,-1.429536
002277.npy,0,0.000504,0.121569,0.552941,0.878431,0.034642,2.577721,0.001454,0.000706,-0.748461
002278.npy,0,0.000290,0.125490,0.572549,0.913725,0.031550,2.636711,0.001198,0.000730,-0.827812
002279.npy,0,0.001083,0.101961,0.533333,0.905882,0.030122,2.656922,0.001066,0.000637,-0.839133
002280.npy,0,0.012299,0.043137,0.317647,0.839216,0.025296,3.530050,0.001947,0.003939,-1.680823
002281.npy,1,0.075790,0.007843,0.462745,0.956863,0.065103,4.700523,0.010184,0.020930,-1.528479
002282.npy,1,0.086639,0.007843,0.454902,0.960784,0.065417,4.723290,0.011318,0.024242,-1.534153
002283.npy,1,0.086670,0.007843,0.454902,0.960784,0.065515,4.698075,0.011251,0.022872,-1.526429
002284.npy,0,0.034348,0.011765,0.262745,0.800000,0.046423,5.502783,0.002972,0.004406,-1.068528
002285.npy,0,0.182556,0.003922,0.105882,0.764706,0.060488,5.505332,0.004590,0.012486,-1.075206
002286.npy,0,0.218567,0.003922,0.105882,0.764706,0.059909,5.333274,0.005279,0.014034,-1.102422
002287.npy,0,0.209564,0.003922,0.109804,0.768627,0.060407,5.392898,0.005202,0.013776,-1.089493
002288.npy,0,0.012695,0.043137,0.470588,0.920196,0.033085,4.174046,0.003560,0.005797,-1.631880
002289.npy,0,0.002563,0.074510,0.576471,0.929412,0.032145,3.874031,0.003197,0.005707,-1.638789
002290.npy,0,0.003357,0.066667,0.533333,0.913725,0.031508,3.783829,0.003293,0.005169,-1.636125
002291.npy,0,0.002182,0.090196,0.541176,0.913725,0.030410,3.842348,0.002917,0.004542,-1.645408
002292.npy,0,0.459991,0.000000,0.168627,0.917647,0.025801,8.978191,0.000426,0.004267,-1.254911
002293.npy,0,0.027740,0.035294,0.192157,0.937255,0.048516,7.461551,0.002265,0.013445,-1.181905
002294.npy,0,0.022659,0.039216,0.200000,0.937255,0.051551,7.039057,0.002656,0.018162,-1.160765
002295.npy,0,0.028290,0.035294,0.160784,0.937255,0.048348,7.514292,0.001554,0.017729,-1.177025
002296.npy,0,0.001801,0.090196,0.298039,0.678431,0.027309,5.595558,0.001667,0.003308,-1.368505
002297.npy,0,0.000565,0.101961,0.313726,0.650980,0.032357,5.155194,0.002141,0.004676,-1.287139
002298.npy,0,0.000565,0.099412,0.309804,0.643137,0.031742,5.103546,0.002118,0.004362,-1.288041
002299.npy,0,0.000412,0.133333,0.356863,0.623529,0.033015,5.330048,0.002355,0.004161,-1.253405
002300.npy,0,0.000137,0.250980,0.654902,0.917647,0.047083,3.222882,0.003627,0.003628,-1.270095
002301.npy,0,0.012802,0.039216,0.415686,0.894118,0.013875,3.674167,0.000332,0.000369,-1.323570
002302.npy,0,0.012207,0.043137,0.501961,0.843137,0.015659,3.406346,0.000467,0.000486,-1.261323
002303.npy,0,0.009293,0.050980,0.517647,0.839216,0.016322,3.171654,0.000482,0.000506,-1.282845
002304.npy,0,0.000229,0.180392,0.498039,0.952941,0.030695,8.047506,0.000128,0.005734,-1.223365
002305.npy,0,0.000046,0.360784,0.623529,0.796078,0.030050,5.864219,0.000910,0.002658,-1.020358
002306.npy,0,0.000046,0.364706,0.631373,0.823529,0.032199,5.442287,0.001244,0.003109,-1.063844
002307.npy,0,0.000061,0.345098,0.607843,0.780392,0.031456,5.682809,0.001075,0.003038,-1.013188
002308.npy,0,0.182449,0.015686,0.243137,0.992157,0.041319,5.963035,0.000963,0.013444,-1.329629
002309.npy,0,0.016083,0.031373,0.486275,0.988235,0.032947,5.328754,0.001162,0.007639,-1.486203
002310.npy,0,0.009125,0.050980,0.498039,0.988235,0.032233,5.385236,0.000999,0.007128,-1.488731
002311.npy,0,0.017120,0.039216,0.396078,0.976471,0.032265,5.110230,0.001572,0.007265,-1.492300
002312.npy,0,0.218903,0.027451,0.207843,0.996078,0.020546,8.684914,0.000111,0.003280,-1.665670
002313.npy,0,0.106613,0.019608,0.286275,0.901961,0.048747,5.411117,0.006234,0.015448,-1.442617
002314.npy,0,0.067642,0.023529,0.345098,0.933333,0.042381,5.859659,0.004053,0.011874,-1.499083
002315.npy,0,0.104126,0.019608,0.286275,0.909804,0.048616,5.423703,0.006513,0.015345,-1.435260
002316.npy,0,0.065857,0.023529,0.254902,0.901961,0.032640,8.204851,0.001181,0.006945,-1.352678
002317.npy,1,0.000046,0.266667,0.780392,0.972549,0.108932,3.219100,0.019294,0.014835,-0.810818
002318.npy,1,0.000046,0.266667,0.772549,0.968627,0.109363,3.201038,0.019611,0.014715,-0.821176
002319.npy,1,0.000046,0.266667,0.772549,0.968627,0.109325,3.202235,0.019573,0.014542,-0.821311
002320.npy,0,0.014679,0.043137,0.639216,0.709804,0.020478,12.434244,0.000011,0.001768,-1.375930
002321.npy,0,0.062057,0.007843,0.341176,0.945098,0.044601,5.867268,0.003369,0.011276,-1.350295
002322.npy,0,0.061981,0.011765,0.341176,0.945098,0.044583,5.861247,0.003354,0.011244,-1.350350
002323.npy,0,0.072113,0.011765,0.309804,0.956863,0.050412,6.032799,0.005361,0.016320,-1.370516
002324.npy,0,0.015961,0.035294,0.694118,0.949020,0.019700,6.636193,0.000463,0.001853,-1.688145
002325.npy,0,0.004517,0.113725,0.725490,0.960784,0.017143,4.958361,0.000674,0.001786,-1.761890
002326.npy,0,0.004211,0.130784,0.752941,0.964706,0.016358,5.148593,0.000631,0.001479,-1.756023
002327.npy,0,0.000656,0.160784,0.756863,0.956863,0.018711,5.265791,0.000782,0.001750,-1.713354
002328.npy,0,0.011612,0.039216,0.600000,0.835294,0.056759,3.286402,0.004580,0.004242,-1.164591
002329.npy,0,0.497269,0.000000,0.050980,0.098039,0.027447,2.422162,0.000870,0.000146,-0.166509
002330.npy,0,0.495453,0.000000,0.050980,0.098039,0.027776,2.471739,0.000871,0.000149,-0.175968
002331.npy,0,0.314346,0.000000,0.078431,0.160784,0.043628,2.407185,0.002173,0.000373,-0.149773
002332.npy,0,0.000153,0.501961,0.627451,0.733333,0.016622,6.281844,0.000349,0.000515,-1.163012
002333.npy,0,0.007538,0.054902,0.203922,0.341176,0.011298,2.825102,0.000166,0.000089,-1.193065
002334.npy,0,0.004272,0.070588,0.188235,0.317647,0.012238,3.010197,0.000200,0.000131,-1.206358
002335.npy,0,0.006744,0.054902,0.203922,0.329412,0.011767,2.837589,0.000185,0.000111,-1.223021
002336.npy,1,0.105637,0.000000,0.658824,0.984314,0.073494,5.192136,0.004851,0.031986,-1.158165
002337.npy,0,0.001877,0.082353,0.431373,0.905882,0.030559,2.505676,0.001152,0.000443,-0.951928
002338.npy,0,0.000214,0.113725,0.443137,0.905882,0.034694,2.497817,0.001448,0.000477,-0.897878
002339.npy,0,0.001541,0.086275,0.435294,0.886275,0.033441,2.493162,0.001355,0.000463,-0.912529
002340.npy,0,0.000534,0.176471,0.509804,0.658824,0.038214,3.600880,0.002306,0.003167,-1.262687
002341.npy,0,0.000534,0.250980,0.603922,0.839216,0.023247,3.375959,0.001017,0.001900,-1.498006
002342.npy,0,0.000534,0.243137,0.600000,0.839216,0.022663,3.343032,0.000984,0.001722,-1.519790
002343.npy,0,0.000504,0.243137,0.603922,0.839216,0.022563,3.357918,0.000965,0.001617,-1.513564
002344.npy,0,0.303650,0.007843,0.133333,0.901961,0.025533,6.675527,0.000943,0.005574,-1.512497
002345.npy,0,0.027679,0.039216,0.129412,0.619608,0.019994,4.414128,0.000438,0.000819,-1.117050
002346.npy,0,0.065521,0.023529,0.125490,0.627451,0.020086,4.461764,0.000425,0.000831,-1.123683
002347.npy,0,0.098526,0.023529,0.129412,0.600000,0.019296,4.313707,0.000447,0.000709,-1.104595
002348.npy,0,0.018936,0.043137,0.301961,0.866667,0.035866,8.813689,0.001411,0.007338,-1.421376
002349.npy,0,0.000641,0.149020,0.521569,0.741176,0.046036,3.067173,0.004198,0.004057,-1.374824
002350.npy,0,0.000565,0.160784,0.482353,0.729412,0.049474,3.028730,0.004649,0.004375,-1.297263
002351.npy,0,0.000427,0.219608,0.501961,0.733333,0.048954,3.021222,0.004270,0.003968,-1.259867
002352.npy,0,0.088181,0.019608,0.164706,0.780392,0.036639,6.794696,0.001417,0.008811,-1.385038
002353.npy,0,0.074326,0.023529,0.721569,0.968627,0.011303,7.376562,0.000074,0.000299,-1.754754
002354.npy,0,0.107788,0.019608,0.274510,0.980392,0.011647,7.168564,0.000070,0.000280,-1.732032
002355.npy,0,0.095398,0.023529,0.192157,0.980392,0.010933,7.611606,0.000066,0.000190,-1.734521
002356.npy,0,0.173950,0.011765,0.109804,0.615686,0.029376,5.828600,0.001050,0.003975,-1.441184
002357.npy,0,0.693176,0.003922,0.035294,0.347647,0.006112,8.020658,0.000025,0.000061,-1.423805
002358.npy,0,0.579437,0.011765,0.043137,0.329412,0.006403,9.384672,0.000020,0.000064,-1.308612
002359.npy,0,0.853394,0.007843,0.027451,0.231373,0.004387,7.908268,0.000012,0.000033,-1.334213
002360.npy,1,0.001785,0.086275,0.325490,0.984314,0.104416,3.831103,0.020912,0.032860,-1.081449
002361.npy,0,0.010910,0.047059,0.258824,0.996078,0.055905,5.546689,0.004751,0.020371,-1.360858
002362.npy,0,0.011841,0.047059,0.235294,0.996078,0.054338,5.718961,0.003753,0.018707,-1.360266
002363.npy,0,0.010727,0.047059,0.250980,0.996078,0.054781,5.666741,0.004215,0.018265,-1.363257
002364.npy,0,0.113571,0.019608,0.341176,0.905882,0.040272,10.024654,0.000994,0.006467,-1.256384
002365.npy,0,0.385529,0.007843,0.078431,0.988235,0.018108,14.190338,0.000051,0.001540,-1.758262
002366.npy,0,0.304138,0.007843,0.105882,0.988235,0.017931,13.894303,0.000049,0.001557,-1.757445
002367.npy,0,0.299042,0.007843,0.109804,0.988235,0.020195,12.428141,0.000074,0.002580,-1.749901
002368.npy,0,0.061676,0.003922,0.415686,0.917647,0.031570,6.350003,0.001757,0.004186,-1.611373
002369.npy,0,0.212097,0.000000,0.129412,0.956863,0.016194,6.314989,0.000302,0.001345,-1.613176
002370.npy,0,0.216888,0.000000,0.117647,0.956863,0.015284,6.380471,0.000263,0.001196,-1.601545
002371.npy,0,0.207275,0.000000,0.098039,0.976471,0.016817,8.865753,0.000229,0.001399,-1.645576
002372.npy,0,0.124939,0.019608,0.254902,0.858824,0.034019,6.803475,0.002079,0.010837,-1.490719
002373.npy,0,0.008423,0.054902,0.345098,0.996078,0.029316,6.582262,0.001853,0.007348,-1.574464
002374.npy,0,0.015076,0.039216,0.372549,0.996078,0.026578,7.018405,0.001269,0.005485,-1.580891
002375.npy,0,0.012054,0.043137,0.384314,0.996078,0.027727,7.139778,0.001184,0.006453,-1.578508
002376.npy,0,0.028442,0.027451,0.250980,0.576471,0.009500,2.955263,0.000215,0.000318,-1.524680
002377.npy,0,0.000885,0.113725,0.737255,0.937255,0.044529,5.396006,0.003758,0.009543,-1.179901
002378.npy,0,0.000946,0.113725,0.737255,0.937255,0.044565,5.411946,0.003753,0.009585,-1.179964
002379.npy,0,0.001068,0.101961,0.701961,0.933333,0.050198,4.935714,0.004590,0.009147,-1.151031
002380.npy,0,0.000107,0.180392,0.298039,0.847059,0.029687,5.997389,0.000891,0.003580,-1.385130
002381.npy,0,0.001450,0.090196,0.341176,0.788235,0.041943,2.742654,0.001898,0.001272,-0.808543
002382.npy,0,0.002563,0.078431,0.329412,0.788235,0.042402,2.737689,0.001955,0.001286,-0.809714
002383.npy,0,0.003571,0.058824,0.325490,0.803922,0.043641,2.715199,0.002050,0.001430,-0.819248
002384.npy,0,0.667755,0.027451,0.039216,0.866667,0.013752,10.593843,0.000052,0.000286,-1.420418
002385.npy,0,0.002335,0.070588,0.709804,0.866667,0.059029,3.733411,0.005128,0.003966,-0.871048
002386.npy,0,0.003586,0.062745,0.701961,0.862745,0.058473,3.855148,0.004933,0.003967,-0.873900
002387.npy,0,0.000717,0.086275,0.725490,0.870588,0.057793,3.359524,0.005130,0.004031,-0.879578
002388.npy,0,0.029892,0.011765,0.505882,0.905882,0.050236,7.102293,0.003760,0.026251,-1.354256
002389.npy,0,0.000336,0.227451,0.737255,0.984314,0.044585,5.389843,0.002508,0.006403,-1.109248
002390.npy,0,0.000214,0.247059,0.752941,0.980392,0.044711,5.303110,0.002776,0.006833,-1.108650
002391.npy,0,0.000046,0.419608,0.811765,0.988235,0.033891,5.841950,0.001597,0.004105,-1.156188
002392.npy,0,0.000137,0.254902,0.796078,0.929412,0.011843,7.479889,0.000108,0.000059,-1.301537
002393.npy,1,0.026138,0.023529,0.541176,0.882353,0.093482,3.965024,0.019774,0.026796,-1.089443
002394.npy,1,0.028183,0.023529,0.525490,0.874510,0.092961,3.967618,0.019845,0.026889,-1.090595
002395.npy,1,0.047745,0.019608,0.447059,0.878431,0.093281,4.025870,0.020602,0.027938,-1.103541
002396.npy,0,0.016571,0.031373,0.447059,0.839216,0.052386,4.454283,0.005211,0.007689,-1.380558
002397.npy,0,0.000305,0.376471,0.568627,0.780392,0.024949,4.639604,0.001108,0.001950,-1.417550
002398.npy,0,0.000305,0.400000,0.600000,0.823529,0.026379,4.499969,0.001307,0.002015,-1.423873
002399.npy,0,0.000305,0.360784,0.533333,0.764706,0.028238,4.379042,0.001389,0.001870,-1.349985
002400.npy,0,0.003693,0.066667,0.560784,0.909804,0.055376,5.304772,0.005143,0.014685,-1.055654
002401.npy,1,0.000458,0.156863,0.537255,0.843137,0.087748,3.069685,0.012043,0.008735,-0.992829
002402.npy,1,0.000381,0.168627,0.537255,0.839216,0.086325,3.068235,0.011596,0.008553,-0.984023
002403.npy,1,0.000290,0.172549,0.556863,0.858824,0.084508,3.095486,0.011283,0.008971,-1.005350
002404.npy,0,0.003235,0.086275,0.450980,0.905882,0.064412,5.618474,0.008732,0.019324,-1.347623
002405.npy,0,0.005966,0.058824,0.854902,0.960784,0.016245,5.211140,0.000104,0.000678,-1.643704
002406.npy,0,0.007004,0.058824,0.858824,0.960784,0.013255,6.105998,0.000094,0.000084,-1.604737
002407.npy,0,0.013000,0.043137,0.847059,0.956863,0.015940,5.226264,0.000105,0.000641,-1.645790
002408.npy,0,0.002441,0.090196,0.654902,0.713726,0.014867,13.329098,0.000035,0.000028,-1.404714
002409.npy,1,0.021210,0.007843,0.266667,0.839216,0.076666,3.912625,0.010202,0.018136,-0.971284
002410.npy,1,0.021317,0.007843,0.262745,0.843137,0.076165,3.885952,0.009497,0.019296,-0.981568
002411.npy,1,0.007187,0.078431,0.290196,0.854902,0.084028,3.606872,0.011907,0.018527,-0.941577
002412.npy,0,0.004730,0.074510,0.360784,0.835294,0.039964,4.656378,0.002656,0.007642,-1.352976
002413.npy,0,0.002319,0.117647,0.603922,0.984314,0.010780,11.212371,0.000054,0.000068,-1.421649
002414.npy,0,0.001740,0.270588,0.847059,0.984314,0.008438,10.699463,0.000052,0.000060,-1.346174
002415.npy,0,0.001312,0.384314,0.835294,0.980392,0.007985,7.431875,0.000052,0.000060,-1.328055
002416.npy,1,0.018097,0.035294,0.317647,0.814314,0.097013,3.722437,0.018226,0.017331,-0.931116
002417.npy,0,0.036835,0.027451,0.403922,0.713726,0.040929,5.615176,0.003863,0.005442,-1.353431
002418.npy,0,0.034225,0.027451,0.403922,0.713726,0.040516,5.610427,0.004022,0.005363,-1.350194
002419.npy,0,0.027618,0.027451,0.400000,0.600000,0.040125,4.644182,0.003719,0.004555,-1.309552
002420.npy,0,0.000015,0.247059,0.501961,0.811765,0.016370,3.821688,0.000355,0.000387,-1.372483
002421.npy,0,0.004288,0.074510,0.423529,0.831373,0.018397,6.036543,0.000554,0.002207,-1.678697
002422.npy,0,0.004501,0.070588,0.427451,0.835294,0.018501,6.038032,0.000586,0.002365,-1.676908
002423.npy,0,0.005051,0.062745,0.396078,0.831373,0.018265,6.044250,0.000513,0.002226,-1.680303
002424.npy,0,0.110687,0.000000,0.282353,0.917647,0.012570,5.458651,0.000326,0.000580,-1.613256
002425.npy,0,0.014175,0.035294,0.501961,0.925490,0.012562,2.765918,0.000451,0.000722,-1.503706
002426.npy,0,0.006149,0.070588,0.454902,0.815686,0.011591,2.954405,0.000315,0.000552,-1.499444
002427.npy,0,0.014023,0.039216,0.490196,0.898039,0.012774,2.830281,0.000426,0.000750,-1.511828
002428.npy,0,0.000580,0.211765,0.854902,0.949020,0.027137,6.134688,0.000736,0.003979,-1.492949
002429.npy,0,0.000885,0.149020,0.796078,0.952941,0.030100,5.069456,0.001664,0.004836,-1.487769
002430.npy,0,0.000412,0.129412,0.800000,0.952941,0.030906,5.295827,0.001389,0.004748,-1.464590
002431.npy,0,0.000473,0.141176,0.756863,0.937255,0.033208,4.886936,0.002157,0.005431,-1.482833
002432.npy,0,0.010620,0.047059,0.901961,0.988235,0.012745,17.579517,0.000020,0.000129,-1.422386
002433.npy,0,0.002457,0.070588,0.203922,0.745098,0.030911,6.099413,0.001156,0.004273,-1.248965
002434.npy,0,0.002594,0.074510,0.352941,0.835294,0.037559,5.433426,0.002333,0.004924,-1.236390
002435.npy,0,0.002213,0.078431,0.317647,0.811765,0.036028,5.577270,0.001932,0.004892,-1.242556
002436.npy,0,0.001968,0.066667,0.286275,0.882353,0.065023,5.202866,0.006774,0.015466,-1.154032
002437.npy,0,0.000107,0.211765,0.505882,0.764706,0.071401,2.553920,0.006084,0.001925,-0.517341
002438.npy,0,0.000122,0.211765,0.525490,0.803922,0.081059,2.553121,0.007952,0.002640,-0.514977
002439.npy,0,0.000107,0.207843,0.537255,0.839216,0.084490,2.555770,0.008556,0.002713,-0.514656
002440.npy,0,0.002045,0.082353,0.521569,0.796078,0.025037,9.164710,0.000099,0.003716,-1.448116
002441.npy,0,0.018600,0.035294,0.301961,0.686275,0.037759,4.143628,0.004305,0.007731,-1.591079
002442.npy,0,0.017075,0.039216,0.313726,0.686275,0.038941,4.108604,0.004652,0.007507,-1.583621
002443.npy,0,0.017029,0.039216,0.290196,0.690196,0.035582,4.225687,0.003666,0.006619,-1.591135
002444.npy,0,0.000580,0.137255,0.498039,0.874510,0.020671,3.026044,0.001441,0.002441,-1.669238
002445.npy,0,0.001251,0.317647,0.603922,0.839216,0.023710,3.684540,0.001396,0.002140,-1.560823
002446.npy,0,0.001099,0.337255,0.611765,0.843137,0.021043,3.600344,0.001155,0.002019,-1.602624
002447.npy,0,0.001129,0.345098,0.631373,0.874510,0.022961,3.501261,0.001376,0.002003,-1.579871
002448.npy,0,0.001907,0.113725,0.800000,0.984314,0.015806,8.480240,0.000187,0.001000,-1.611050
002449.npy,0,0.009262,0.050980,0.235294,0.835294,0.017540,9.655560,0.000171,0.000533,-1.498885
002450.npy,0,0.009338,0.050980,0.231373,0.831373,0.017502,9.696122,0.000165,0.000534,-1.502944
002451.npy,0,0.010239,0.047059,0.258824,0.827451,0.017408,8.852676,0.000174,0.000547,-1.450434
002452.npy,0,0.015945,0.039216,0.239216,0.850980,0.017637,6.250468,0.000395,0.001067,-1.595734
002453.npy,0,0.000214,0.137255,0.458824,0.913725,0.047121,3.004433,0.006473,0.008218,-1.632921
002454.npy,0,0.000214,0.141176,0.458824,0.909804,0.046699,3.010226,0.006396,0.008013,-1.632856
002455.npy,0,0.001999,0.086275,0.407843,0.905882,0.047065,3.182939,0.007301,0.009971,-1.652432
002456.npy,0,0.000885,0.164706,0.517647,0.843137,0.018502,2.655704,0.000496,0.000343,-1.161589
002457.npy,0,0.022858,0.043137,0.125490,0.792157,0.065104,5.062963,0.009376,0.019845,-1.205957
002458.npy,1,0.043198,0.039216,0.137255,0.819608,0.071715,4.660450,0.012464,0.019652,-1.214635
002459.npy,1,0.012177,0.047059,0.133333,0.780392,0.067942,4.803741,0.010476,0.018699,-1.201491
002460.npy,0,0.552322,0.011765,0.043137,0.422157,0.011851,7.649801,0.000106,0.000131,-1.410527
002461.npy,0,0.201492,0.011765,0.109804,0.694118,0.017530,4.652424,0.000479,0.001164,-1.433238
002462.npy,0,0.233887,0.007843,0.109804,0.780392,0.018850,4.977842,0.000473,0.001624,-1.504111
002463.npy,0,0.188080,0.011765,0.113725,0.725490,0.018403,4.625862,0.000511,0.001263,-1.429596
002464.npy,0,0.004868,0.062745,0.458824,0.913725,0.019557,2.508506,0.000502,0.000170,-1.060649
002465.npy,0,0.007812,0.054902,0.392157,0.858824,0.049887,4.099949,0.006111,0.012713,-1.387606
002466.npy,0,0.010132,0.047059,0.364706,0.847059,0.051400,4.077651,0.006847,0.013310,-1.381213
002467.npy,0,0.010300,0.047059,0.388235,0.861373,0.050509,4.096131,0.006087,0.012668,-1.386041
002468.npy,1,0.213638,0.000000,0.372549,0.984314,0.128508,3.814609,0.034832,0.035970,-0.998101
002469.npy,0,0.198074,0.015686,0.921569,0.984314,0.023051,13.891246,0.000566,0.000442,-1.454908
002470.npy,0,0.093750,0.015686,0.929412,0.988235,0.022755,7.021446,0.000603,0.000331,-1.255590
002471.npy,0,0.000031,0.784314,0.909804,0.984314,0.029782,2.686484,0.001203,0.000562,-0.849285
002472.npy,1,0.234329,0.015686,0.129412,0.749020,0.089632,4.163937,0.018068,0.022321,-1.046597
002473.npy,1,0.155258,0.015686,0.160784,0.886275,0.133211,3.824263,0.048348,0.055866,-1.029535
002474.npy,1,0.173447,0.015686,0.145098,0.878431,0.127868,3.916763,0.044660,0.057373,-1.027877
002475.npy,1,0.157074,0.015686,0.164706,0.882353,0.132324,3.838587,0.049841,0.056915,-1.033882
002476.npy,0,0.000046,0.227451,0.529412,0.827451,0.027477,4.176313,0.001599,0.002612,-1.437863
002477.npy,0,0.002136,0.090196,0.470588,0.929412,0.012654,3.008663,0.000538,0.000862,-1.709538
002478.npy,0,0.001755,0.090196,0.501961,0.929412,0.013582,3.166154,0.000619,0.001104,-1.703660
002479.npy,0,0.001785,0.086275,0.486275,0.929412,0.013257,3.120144,0.000569,0.001071,-1.706986
002480.npy,0,0.003586,0.082353,0.764706,0.933333,0.038456,7.290236,0.001352,0.013421,-1.327021
002481.npy,0,0.000031,0.498039,0.960784,0.984314,0.008433,23.218039,0.000006,0.000003,-1.187519
002482.npy,0,0.000031,0.694118,0.952941,0.984314,0.005419,22.831060,0.000008,0.000004,-1.159986
002483.npy,0,0.000031,0.443137,0.964706,0.992157,0.009907,22.043768,0.000006,0.000003,-1.185758
002484.npy,0,0.053207,0.027451,0.223529,0.803922,0.017060,6.109195,0.000481,0.001720,-1.737206
002485.npy,0,0.007553,0.050980,0.388235,0.627451,0.018738,2.762592,0.000515,0.000292,-1.202695
002486.npy,0,0.002441,0.066667,0.392157,0.627451,0.018328,2.770388,0.000484,0.000281,-1.200563
002487.npy,0,0.004013,0.066667,0.376471,0.729412,0.018641,3.718903,0.000476,0.000283,-1.257988
002488.npy,0,0.010941,0.047059,0.549020,0.929412,0.041593,4.304111,0.004190,0.008775,-1.531014
002489.npy,0,0.000244,0.278431,0.627451,0.913725,0.023643,2.820999,0.000768,0.000616,-1.099226
002490.npy,0,0.000198,0.278431,0.690196,0.913725,0.023110,2.845768,0.000785,0.000674,-1.118399
002491.npy,0,0.000336,0.266667,0.596078,0.901961,0.026567,2.810416,0.001010,0.000731,-1.117955
002492.npy,0,0.050064,0.019608,0.333333,0.756863,0.048792,4.863075,0.003579,0.004107,-1.085660
002493.npy,1,0.004333,0.066667,0.635294,0.917647,0.077973,3.954089,0.011291,0.017849,-1.118770
002494.npy,1,0.004074,0.066667,0.635294,0.917647,0.078003,3.951723,0.011300,0.017820,-1.118547
002495.npy,1,0.004211,0.066667,0.635294,0.921569,0.078178,3.954582,0.011384,0.017969,-1.118511
002496.npy,1,0.013367,0.043137,0.458824,0.854902,0.076431,5.415076,0.012509,0.030291,-1.110887
002497.npy,0,0.004547,0.066667,0.482353,0.933333,0.022238,2.997912,0.000774,0.001018,-1.338848
002498.npy,0,0.006287,0.058824,0.486275,0.941176,0.023132,3.145398,0.000826,0.001119,-1.356908
002499.npy,0,0.004425,0.066667,0.486275,0.933333,0.022144,2.943375,0.000781,0.001011,-1.328685
002500.npy,0,0.155762,0.023529,0.145098,0.960784,0.034953,7.959934,0.001050,0.007021,-1.462021
002501.npy,0,0.000229,0.152941,0.352941,0.650980,0.055597,2.673374,0.004769,0.002984,-0.981204
002502.npy,0,0.000061,0.172549,0.368627,0.615686,0.054292,2.675969,0.004784,0.002783,-0.934700
002503.npy,0,0.000092,0.168627,0.364706,0.611765,0.053922,2.676336,0.004664,0.002831,-0.933060
002504.npy,0,0.003098,0.090196,0.509804,0.921569,0.039151,5.663754,0.003876,0.007242,-1.562892
002505.npy,0,0.224518,0.019608,0.098039,0.976471,0.008746,9.338579,0.000064,0.000056,-1.551724
002506.npy,0,0.222595,0.019608,0.098039,0.976471,0.008737,9.260507,0.000064,0.000056,-1.548702
002507.npy,0,0.101837,0.031373,0.113725,0.972549,0.008720,9.158125,0.000060,0.000068,-1.559611
002508.npy,0,0.013931,0.047059,0.254902,0.952941,0.038078,4.904349,0.002476,0.005251,-1.206836
002509.npy,0,0.000137,0.258824,0.835294,0.949020,0.061402,4.160814,0.004223,0.011243,-0.895103
002510.npy,0,0.000076,0.262745,0.737255,0.952941,0.067078,3.864974,0.006114,0.012205,-0.897048
002511.npy,0,0.000137,0.258824,0.835294,0.949020,0.061408,4.164052,0.004238,0.011267,-0.895308
002512.npy,0,0.154724,0.000000,0.298039,0.811765,0.050040,6.967616,0.004442,0.015296,-1.303878
002513.npy,0,0.477432,0.000000,0.066667,0.670588,0.026844,8.157284,0.000844,0.005733,-1.549275
002514.npy,0,0.434814,0.000000,0.094118,0.650980,0.027733,7.750748,0.000979,0.006739,-1.565256
002515.npy,0,0.466171,0.000000,0.074510,0.658824,0.027345,7.960520,0.000888,0.006580,-1.552542
002516.npy,0,0.003418,0.113725,0.596078,0.827451,0.015743,11.092458,0.000121,0.000228,-1.216543
002517.npy,0,0.000031,0.192157,0.513726,0.827451,0.060203,2.540639,0.004605,0.001298,-0.667574
002518.npy,0,0.000015,0.227451,0.560784,0.862745,0.057940,2.539753,0.004291,0.001281,-0.670549
002519.npy,0,0.000229,0.141176,0.470588,0.784314,0.058369,2.529064,0.004315,0.001274,-0.679586
002520.npy,0,0.113480,0.023529,0.156863,0.603922,0.030145,6.784051,0.000773,0.004287,-1.216989
002521.npy,0,0.002945,0.074510,0.454902,0.913725,0.022393,2.465753,0.000641,0.000177,-0.956857
002522.npy,0,0.008850,0.050980,0.364706,0.717647,0.017046,2.440069,0.000376,0.000104,-0.989668
002523.npy,0,0.000397,0.105882,0.470588,0.925490,0.021819,2.452844,0.000611,0.000150,-0.958734
002524.npy,0,0.004044,0.078431,0.388235,0.917647,0.053237,5.841245,0.002917,0.008764,-1.204994
002525.npy,0,0.009537,0.050980,0.654902,0.976471,0.046806,5.999782,0.004532,0.020142,-1.356340
002526.npy,0,0.008636,0.054902,0.654902,0.976471,0.046611,6.001050,0.004526,0.020016,-1.356676
002527.npy,0,0.009613,0.050980,0.650980,0.976471,0.046818,5.993740,0.004566,0.020127,-1.356138
002528.npy,0,0.023361,0.035294,0.258824,0.890196,0.031408,8.293560,0.001431,0.004943,-1.446614
002529.npy,0,0.051254,0.019608,0.466667,0.980392,0.012612,5.562416,0.000150,0.001001,-1.735023
002530.npy,0,0.052216,0.019608,0.184314,0.980392,0.011479,6.092051,0.000068,0.000632,-1.727368
002531.npy,0,0.056870,0.015686,0.180392,0.960784,0.011397,6.126238,0.000065,0.000702,-1.738966
002532.npy,0,0.004593,0.058824,0.333333,0.764706,0.040095,5.073956,0.002254,0.004640,-1.392656
002533.npy,1,0.001022,0.250980,0.462745,0.745098,0.117055,2.381350,0.019512,0.004567,-0.447896
002534.npy,1,0.001083,0.250980,0.462745,0.745098,0.117020,2.385062,0.019275,0.005056,-0.447314
002535.npy,1,0.001175,0.250980,0.462745,0.745098,0.116930,2.385785,0.019531,0.004763,-0.444876
002536.npy,0,0.000671,0.074510,0.592157,0.949020,0.062191,4.670501,0.006624,0.010500,-1.240898
002537.npy,1,0.051132,0.007843,0.501961,0.988235,0.262595,2.122708,0.082330,0.012431,-0.006342
002538.npy,0,0.000015,0.239216,0.364706,0.486275,0.067212,2.104500,0.005330,0.000871,0.015912
002539.npy,1,0.050705,0.007843,0.501961,0.988235,0.261554,2.136428,0.082022,0.012727,-0.021279
002540.npy,1,0.034805,0.015686,0.317647,0.937255,0.110934,3.023284,0.037211,0.015946,-1.425216
002541.npy,1,0.137589,0.027451,0.125490,0.835294,0.135748,2.845522,0.065820,0.022292,-1.143408
002542.npy,1,0.105835,0.035294,0.117647,0.827451,0.136395,2.825892,0.066186,0.010379,-1.071923
002543.npy,1,0.125427,0.035294,0.117647,0.823529,0.136641,2.827070,0.066416,0.009939,-1.082895
002544.npy,0,0.003418,0.062745,0.411765,0.831373,0.042533,7.156670,0.002667,0.013418,-1.269706
002545.npy,0,0.000137,0.274510,0.619608,0.843137,0.036831,3.217654,0.003359,0.003723,-1.505211
002546.npy,0,0.000275,0.239216,0.533333,0.741176,0.032558,3.179965,0.002605,0.003055,-1.516302
002547.npy,0,0.000168,0.313726,0.639216,0.796078,0.026492,3.467312,0.001668,0.001932,-1.553033
002548.npy,0,0.053879,0.011765,0.505882,0.913725,0.044975,3.775487,0.004298,0.008499,-1.562581
002549.npy,0,0.314255,0.000000,0.078431,0.701961,0.020999,10.821848,0.000220,0.002124,-1.326740
002550.npy,0,0.307480,0.000000,0.090196,0.807843,0.021292,10.650637,0.000252,0.002167,-1.351971
002551.npy,0,0.324203,0.000000,0.105882,0.807843,0.022692,9.729904,0.000343,0.002622,-1.364729
002552.npy,0,0.005371,0.058824,0.227451,0.768627,0.031976,4.465621,0.002324,0.005544,-1.285247
002553.npy,0,0.063110,0.027451,0.215686,0.843137,0.027377,3.062135,0.001028,0.001310,-1.080879
002554.npy,0,0.034988,0.035294,0.223529,0.831373,0.027323,2.998644,0.001098,0.001160,-1.086620
002555.npy,0,0.059982,0.027451,0.266667,0.843137,0.027589,3.062866,0.001040,0.001322,-1.012690
002556.npy,0,0.013016,0.043137,0.301961,0.752941,0.032564,3.697066,0.003013,0.006327,-1.567265
002557.npy,0,0.023010,0.039216,0.282353,0.674510,0.043621,4.860803,0.003362,0.007133,-1.362920
002558.npy,0,0.025711,0.035294,0.282353,0.662745,0.044025,4.717817,0.003519,0.007333,-1.357407
002559.npy,0,0.036819,0.027451,0.262745,0.674510,0.047154,4.768909,0.004416,0.008517,-1.356632
002560.npy,1,0.009857,0.050980,0.494118,0.933333,0.067500,4.447225,0.013950,0.038775,-1.494326
002561.npy,0,0.008377,0.054902,0.356863,0.949020,0.036194,5.516788,0.000976,0.006749,-1.316545
002562.npy,0,0.040894,0.007843,0.337255,0.945098,0.034205,5.637918,0.000850,0.006033,-1.334888
002563.npy,0,0.008118,0.054902,0.356863,0.945098,0.036047,5.501319,0.000949,0.006635,-1.316306
002564.npy,0,0.000076,0.223529,0.392157,0.572549,0.040689,2.881526,0.002195,0.001204,-0.777487
002565.npy,0,0.000046,0.325490,0.529412,0.739804,0.055440,2.877824,0.004056,0.002304,-0.880013
002566.npy,0,0.000046,0.305882,0.521569,0.729412,0.055199,2.888675,0.003914,0.002054,-0.891602
002567.npy,0,0.000061,0.305882,0.478431,0.654902,0.049248,2.850299,0.003195,0.001725,-0.852862
002568.npy,0,0.023102,0.023529,0.423529,0.768627,0.032219,4.093860,0.001996,0.003596,-1.427928
002569.npy,0,0.000046,0.125490,0.262745,0.427451,0.015610,2.515384,0.000319,0.000136,-1.073728
002570.npy,0,0.000214,0.149020,0.454902,0.865294,0.037583,2.471958,0.001910,0.000757,-0.939856
002571.npy,0,0.000458,0.141176,0.450980,0.862745,0.037901,2.483781,0.001940,0.000785,-0.935915
002572.npy,0,0.202393,0.011765,0.517647,0.988235,0.019911,4.582117,0.001196,0.003710,-1.776125
002573.npy,0,0.000412,0.219608,0.654902,0.835294,0.011244,4.452528,0.000194,0.000513,-1.587050
002574.npy,0,0.000519,0.247059,0.647059,0.945098,0.012336,4.294678,0.000261,0.000725,-1.625250
002575.npy,0,0.000412,0.219608,0.650980,0.771176,0.011285,4.300618,0.000204,0.000529,-1.590855
002576.npy,0,0.000305,0.188235,0.549020,0.964706,0.054759,4.121727,0.005262,0.009688,-1.121466
002577.npy,0,0.000534,0.101961,0.796078,0.925490,0.020848,6.317547,0.000389,0.003378,-1.572870
002578.npy,0,0.001205,0.078431,0.713726,0.839216,0.020866,6.969749,0.000409,0.002950,-1.551016
002579.npy,0,0.000824,0.090196,0.717647,0.850980,0.023448,7.456928,0.000596,0.003433,-1.441402
002580.npy,1,0.000122,0.203922,0.643137,0.882353,0.098841,2.881048,0.016280,0.011687,-0.933199
002581.npy,0,0.001389,0.121569,0.427451,0.678431,0.057373,3.014098,0.004615,0.003723,-1.000621
002582.npy,0,0.000885,0.149020,0.509804,0.784314,0.066440,2.927024,0.006238,0.004810,-0.976376
002583.npy,0,0.005798,0.094118,0.462745,0.729412,0.063994,2.865784,0.005824,0.004378,-0.995030
002584.npy,0,0.002975,0.054902,0.133333,0.937255,0.038230,7.860119,0.001812,0.009510,-1.399785
002585.npy,0,0.295395,0.015686,0.074510,0.886275,0.024052,8.015430,0.000664,0.002125,-1.412350
002586.npy,0,0.272354,0.015686,0.078431,0.886275,0.024268,7.827178,0.000697,0.002194,-1.404532
002587.npy,0,0.284256,0.015686,0.074510,0.886275,0.025729,8.085304,0.000785,0.002673,-1.441278
002588.npy,0,0.071213,0.023529,0.282353,0.925490,0.062283,5.059203,0.009044,0.021666,-1.469349
002589.npy,0,0.311111,0.011765,0.149020,0.835294,0.042709,5.532332,0.004775,0.014176,-1.559451
002590.npy,0,0.371460,0.011765,0.105882,0.835294,0.039242,5.933293,0.003563,0.011539,-1.555020
002591.npy,0,0.200974,0.011765,0.239216,0.847059,0.049098,4.995014,0.006877,0.014652,-1.563191
002592.npy,0,0.039627,0.027451,0.274510,0.949020,0.017650,5.269586,0.000518,0.000901,-1.577367
002593.npy,0,0.000809,0.121569,0.694118,0.949020,0.019788,2.745388,0.000497,0.000312,-1.136931
002594.npy,0,0.002609,0.082353,0.431373,0.725490,0.013947,3.121667,0.000239,0.000162,-1.284273
002595.npy,0,0.002625,0.074510,0.419608,0.800000,0.014679,3.410741,0.000252,0.000187,-1.293374
002596.npy,0,0.515030,0.015686,0.047059,0.760784,0.005850,11.314838,0.000022,0.000070,-1.633874
002597.npy,0,0.105316,0.015686,0.262745,0.831373,0.056351,5.248132,0.007200,0.018375,-1.395259
002598.npy,0,0.105316,0.015686,0.250980,0.835294,0.058574,5.195390,0.007664,0.018568,-1.364322
002599.npy,0,0.119934,0.019608,0.258824,0.843137,0.058986,5.285686,0.007285,0.017950,-1.371361
002600.npy,0,0.000153,0.125490,0.400000,0.968627,0.024783,4.926849,0.001208,0.002788,-1.666031
002601.npy,0,0.103088,0.035294,0.137255,0.662745,0.032957,4.580858,0.001021,0.002430,-1.091419
002602.npy,0,0.099625,0.035294,0.152941,0.690196,0.033909,4.476760,0.001137,0.002675,-1.058051
002603.npy,0,0.110336,0.035294,0.121569,0.662745,0.031476,4.590032,0.000929,0.002197,-1.072221
002604.npy,0,0.000061,0.274510,0.729412,0.960784,0.025190,3.976458,0.000904,0.001432,-1.221936
002605.npy,0,0.000076,0.207843,0.552941,0.870588,0.061291,2.577795,0.005097,0.002033,-0.735668
002606.npy,0,0.000381,0.341176,0.670588,0.917647,0.044818,2.567481,0.002736,0.001021,-0.807423
002607.npy,0,0.000137,0.207843,0.568627,0.878431,0.061592,2.606785,0.005142,0.002220,-0.726396
002608.npy,0,0.001205,0.290196,0.925490,0.980392,0.009632,11.262599,0.000065,0.000025,-1.397907
002609.npy,0,0.090469,0.019608,0.149020,0.619608,0.034843,6.023060,0.002063,0.006765,-1.615084
002610.npy,0,0.090530,0.019608,0.141176,0.639216,0.039456,5.385705,0.002852,0.009697,-1.613251
002611.npy,0,0.063126,0.027451,0.156863,0.643137,0.040956,5.172756,0.003731,0.009828,-1.628319
002612.npy,0,0.003540,0.070588,0.756863,0.929412,0.023842,8.098642,0.000307,0.001321,-1.374362
002613.npy,0,0.039429,0.019608,0.780392,0.976471,0.017374,5.308988,0.000439,0.001635,-1.550875
002614.npy,0,0.051163,0.015686,0.698039,0.968627,0.020714,5.006342,0.000782,0.001889,-1.525545
002615.npy,0,0.049011,0.019608,0.717647,0.972549,0.020018,5.056604,0.000672,0.001870,-1.533019
002616.npy,0,0.004517,0.086275,0.635294,0.874510,0.066316,3.689572,0.008511,0.012144,-1.373083
002617.npy,0,0.487915,0.007843,0.050980,0.831373,0.033655,6.175826,0.000228,0.006339,-1.383938
002618.npy,0,0.521729,0.007843,0.047059,0.839216,0.030043,5.616335,0.000128,0.005825,-1.277146
002619.npy,0,0.492935,0.011765,0.050980,0.831373,0.032921,6.315987,0.000191,0.006575,-1.391385
002620.npy,0,0.000214,0.176471,0.517647,0.843137,0.059411,2.557316,0.003859,0.001406,-0.765762
002621.npy,0,0.028992,0.035294,0.439216,0.886275,0.022330,5.653416,0.000296,0.001637,-1.393899
002622.npy,0,0.027573,0.039216,0.447059,0.894118,0.021614,5.789518,0.000211,0.001558,-1.395520
002623.npy,0,0.012726,0.047059,0.447059,0.929412,0.023475,5.613516,0.000286,0.002084,-1.381343
002624.npy,0,0.001907,0.227451,0.498039,0.803922,0.037343,2.985419,0.001449,0.000483,-1.016435
002625.npy,0,0.000137,0.243137,0.631373,0.878431,0.047766,3.517054,0.002366,0.001877,-1.008561
002626.npy,0,0.000229,0.298039,0.607843,0.917647,0.047704,3.839374,0.002237,0.001639,-0.994786
002627.npy,0,0.000137,0.243137,0.631373,0.874510,0.047661,3.518308,0.002346,0.001872,-1.008625
002628.npy,0,0.080490,0.019608,0.192157,0.925490,0.015798,5.834913,0.000200,0.001430,-1.602593
002629.npy,0,0.430893,0.000000,0.098039,0.776471,0.038953,6.304916,0.002040,0.010156,-1.489156
002630.npy,0,0.478149,0.000000,0.062745,0.745098,0.036812,6.178421,0.001996,0.009341,-1.497231
002631.npy,0,0.478363,0.000000,0.062745,0.745098,0.036801,6.166325,0.001964,0.009333,-1.496985
002632.npy,0,0.060242,0.019608,0.509804,0.964706,0.055800,4.508352,0.004986,0.014415,-1.336302
002633.npy,0,0.002274,0.078431,0.258824,0.694118,0.063897,2.756002,0.004316,0.002346,-0.628850
002634.npy,0,0.001740,0.086275,0.266667,0.678431,0.064236,2.719936,0.004482,0.002411,-0.631001
002635.npy,0,0.000717,0.121569,0.333333,0.678431,0.080947,2.621647,0.007489,0.003113,-0.607698
002636.npy,0,0.227844,0.003922,0.105882,0.866667,0.056453,7.072276,0.002361,0.014746,-0.940713
002637.npy,1,0.051682,0.007843,0.498039,0.988235,0.263413,2.119978,0.081816,0.012012,0.035482
002638.npy,1,0.050705,0.007843,0.498039,0.988235,0.263225,2.133260,0.082120,0.013038,0.025515
002639.npy,1,0.050186,0.007843,0.501961,0.988235,0.262775,2.115171,0.081974,0.011963,0.001044
002640.npy,0,0.011856,0.043137,0.592157,0.937255,0.053689,6.386969,0.006063,0.015756,-1.282836
002641.npy,1,0.010559,0.047059,0.603922,0.807843,0.087974,4.105938,0.015992,0.027852,-1.072882
002642.npy,1,0.009811,0.050980,0.627451,0.807843,0.083660,4.331321,0.013673,0.027122,-1.071988
002643.npy,1,0.009827,0.050980,0.603922,0.807843,0.087691,4.108402,0.015919,0.027591,-1.073119
002644.npy,0,0.006439,0.058824,0.384314,0.776471,0.029299,4.640534,0.002301,0.003704,-1.637241
002645.npy,0,0.000122,0.329412,0.745098,0.905882,0.012688,3.343194,0.000384,0.000689,-1.462833
002646.npy,0,0.000107,0.333333,0.745098,0.905882,0.012681,3.337842,0.000390,0.000668,-1.460377
002647.npy,0,0.001129,0.262745,0.760784,0.909804,0.011828,3.114610,0.000360,0.000577,-1.497452
002648.npy,0,0.001999,0.078431,0.407843,0.968627,0.035613,4.652262,0.001859,0.005463,-1.496864
002649.npy,0,0.000534,0.137255,0.494118,0.862745,0.055280,2.519278,0.003435,0.001049,-0.666503
002650.npy,0,0.000305,0.145098,0.498039,0.862745,0.054486,2.512400,0.003302,0.001033,-0.664360
002651.npy,0,0.000137,0.160784,0.513726,0.870588,0.050285,2.516498,0.002834,0.000852,-0.687531
002652.npy,0,0.000580,0.117647,0.541176,0.603922,0.012327,14.556386,0.000023,0.000008,-1.145314
002653.npy,0,0.013718,0.043137,0.317647,0.745098,0.063033,4.015623,0.007048,0.012905,-1.079542
002654.npy,0,0.007629,0.054902,0.403922,0.792157,0.064079,4.043329,0.008139,0.014971,-1.127863
002655.npy,0,0.013779,0.043137,0.317647,0.745098,0.063181,3.994658,0.006880,0.011856,-1.078573
002656.npy,0,0.000305,0.133333,0.741176,0.905882,0.034222,8.519371,0.001058,0.008517,-1.363617
002657.npy,0,0.001831,0.101961,0.196078,0.639216,0.024999,7.497595,0.000332,0.001618,-1.257007
002658.npy,0,0.000381,0.121569,0.219608,0.650980,0.024480,7.477831,0.000314,0.001903,-1.252423
002659.npy,0,0.001953,0.098039,0.196078,0.643137,0.025236,7.477567,0.000338,0.001530,-1.255741
002660.npy,0,0.000336,0.070588,0.600000,0.949020,0.029544,7.144643,0.000855,0.007705,-1.443883
002661.npy,0,0.004272,0.074510,0.454902,0.737255,0.015175,7.095931,0.000152,0.002240,-1.758903
002662.npy,0,0.001144,0.094118,0.450980,0.733333,0.014225,7.443764,0.000118,0.001619,-1.756603
002663.npy,0,0.004105,0.074510,0.458824,0.737255,0.015186,7.102318,0.000145,0.002248,-1.759314
002664.npy,0,0.058472,0.023529,0.349020,0.941176,0.028638,7.114366,0.001119,0.004201,-1.659651
002665.npy,0,0.000519,0.113725,0.384314,0.790784,0.043738,3.878442,0.004145,0.005369,-1.480371
002666.npy,0,0.000519,0.117647,0.388235,0.764706,0.045129,3.888028,0.004287,0.005169,-1.367400
002667.npy,0,0.000534,0.113725,0.376471,0.788235,0.045008,3.864881,0.004328,0.005727,-1.442264
002668.npy,0,0.061752,0.003922,0.603922,0.992157,0.043447,6.483216,0.002649,0.007215,-1.345775
002669.npy,0,0.033142,0.007843,0.800000,0.937255,0.051116,8.362715,0.002213,0.018348,-1.324720
002670.npy,0,0.041519,0.003922,0.823529,0.945098,0.043921,9.066254,0.001100,0.010221,-1.357116
002671.npy,0,0.031586,0.007843,0.800000,0.937255,0.052101,8.233836,0.002444,0.018446,-1.319404
002672.npy,1,0.005859,0.066667,0.376471,0.945098,0.075026,4.689819,0.013837,0.027181,-1.175560
002673.npy,0,0.001389,0.129412,0.592157,0.752941,0.021448,10.147319,0.000018,0.003053,-1.288037
002674.npy,0,0.002670,0.098039,0.584314,0.760784,0.023806,9.620174,0.000020,0.003532,-1.308955
002675.npy,0,0.003448,0.070588,0.482353,0.796078,0.038929,6.501713,0.002016,0.010431,-1.262136
002676.npy,0,0.003342,0.541176,0.745098,0.854902,0.019364,3.442739,0.000820,0.000898,-1.502862
002677.npy,0,0.000168,0.313726,0.658824,0.807843,0.028216,3.685034,0.001698,0.002013,-1.545771
002678.npy,0,0.000153,0.286275,0.631373,0.788235,0.029352,3.537364,0.001924,0.002074,-1.555808
002679.npy,0,0.000107,0.342549,0.635294,0.800000,0.030033,3.465156,0.002155,0.002589,-1.536977
002680.npy,0,0.238525,0.023529,0.117647,0.776471,0.041226,7.066172,0.001057,0.008435,-1.192666
002681.npy,1,0.003952,0.054902,0.113725,0.964706,0.095834,5.151808,0.019125,0.072868,-1.183344
002682.npy,1,0.016220,0.047059,0.094118,0.960784,0.081688,5.926242,0.007565,0.058619,-1.167023
002683.npy,1,0.005066,0.054902,0.109804,0.964706,0.095542,5.168633,0.018791,0.071851,-1.185759
002684.npy,0,0.021408,0.027451,0.364706,0.800000,0.048202,4.991921,0.004099,0.007742,-1.181979
002685.npy,0,0.000031,0.552941,0.937255,0.945098,0.011053,13.441127,0.000021,0.000014,-1.291296
002686.npy,0,0.000031,0.470588,0.917647,0.925490,0.011798,12.133153,0.000014,0.000009,-1.218473
002687.npy,0,0.000015,0.584314,0.964706,0.980392,0.010892,15.321891,0.000041,0.000012,-1.250332
002688.npy,0,0.054962,0.011765,0.894118,0.992157,0.032123,10.425014,0.000070,0.004461,-1.531993
002689.npy,0,0.156006,0.000000,0.470588,0.878431,0.039354,8.427445,0.001299,0.011315,-1.484200
002690.npy,0,0.108917,0.000000,0.607843,0.878431,0.039293,7.785735,0.001097,0.010194,-1.421321
002691.npy,0,0.089920,0.000000,0.717647,0.854902,0.035269,8.564499,0.000819,0.009170,-1.390639
002692.npy,0,0.000519,0.113725,0.796078,0.905882,0.009123,8.659799,0.000050,0.000018,-1.514405
002693.npy,0,0.000214,0.901961,0.949020,0.984314,0.007163,4.346384,0.000044,0.000012,-1.269169
002694.npy,0,0.000092,0.176471,0.458824,0.815686,0.069246,2.450962,0.005585,0.001354,-0.638610
002695.npy,0,0.000031,0.196078,0.474510,0.815686,0.066944,2.450912,0.005256,0.001264,-0.641775
002696.npy,0,0.006805,0.054902,0.568627,0.933333,0.015721,5.166586,0.000566,0.001345,-1.620595
002697.npy,0,0.000061,0.168627,0.431373,0.768627,0.047189,2.697739,0.003008,0.002106,-0.707088
002698.npy,0,0.000046,0.184314,0.478431,0.854902,0.052437,2.657279,0.003739,0.002686,-0.699952
002699.npy,0,0.002228,0.125490,0.384314,0.780392,0.051262,2.688683,0.003532,0.002480,-0.718885
002700.npy,0,0.000717,0.113725,0.317647,0.576471,0.057268,2.948349,0.005388,0.004095,-1.069264
002701.npy,0,0.000793,0.141176,0.270588,0.776471,0.016976,4.099968,0.000527,0.000483,-1.511518
002702.npy,0,0.003815,0.094118,0.258824,0.584314,0.014906,3.353802,0.000443,0.000356,-1.456460
002703.npy,0,0.003036,0.098039,0.258824,0.588235,0.014916,3.328120,0.000430,0.000371,-1.457773
002704.npy,1,0.002014,0.086275,0.282353,0.996078,0.112633,4.123851,0.025806,0.043146,-1.007185
002705.npy,0,0.041656,0.039216,0.109804,0.858824,0.051112,7.311563,0.001907,0.017748,-1.081419
002706.npy,1,0.030579,0.039216,0.125490,0.905882,0.061630,6.586700,0.003308,0.028877,-1.069572
002707.npy,0,0.042480,0.039216,0.109804,0.858824,0.051156,7.300178,0.001900,0.017753,-1.081388
002708.npy,0,0.000015,0.411765,0.780392,0.945098,0.035042,4.330328,0.002008,0.003186,-1.367890
002709.npy,0,0.000031,0.352941,0.643137,0.964706,0.028853,4.584768,0.001508,0.002886,-1.442003
002710.npy,0,0.000046,0.400000,0.674510,0.968627,0.030389,4.526704,0.001643,0.002979,-1.394241
002711.npy,0,0.000031,0.354314,0.643137,0.964706,0.028518,4.593150,0.001533,0.002787,-1.448669
002712.npy,0,0.009644,0.050980,0.254902,0.682353,0.023602,4.174626,0.001059,0.001641,-1.350772
002713.npy,0,0.000015,0.223529,0.490196,0.792157,0.083923,2.460341,0.008895,0.002608,-0.588875
002714.npy,0,0.000076,0.176471,0.462745,0.752941,0.081214,2.464229,0.008386,0.002413,-0.589021
002715.npy,0,0.001266,0.152941,0.462745,0.717647,0.085156,2.475106,0.009150,0.002712,-0.594458
002716.npy,1,0.014420,0.043137,0.298039,0.976471,0.123694,3.658345,0.025906,0.042187,-0.942738
002717.npy,0,0.074722,0.023529,0.113725,0.670588,0.050903,4.415674,0.003743,0.005794,-1.192815
002718.npy,0,0.056152,0.031373,0.133333,0.670588,0.057277,4.047114,0.004479,0.005464,-1.158358
002719.npy,0,0.078888,0.023529,0.121569,0.666667,0.053536,4.261005,0.003798,0.005348,-1.175477
002720.npy,1,0.023849,0.039216,0.239216,0.941176,0.071830,5.106552,0.012602,0.029884,-1.147254
002721.npy,1,0.002090,0.066667,0.337255,0.929412,0.088993,4.100117,0.016583,0.024417,-1.075627
002722.npy,1,0.002335,0.062745,0.345098,0.929412,0.089751,4.095336,0.016205,0.024976,-1.069333
002723.npy,1,0.002151,0.066667,0.349020,0.937255,0.092673,4.025802,0.017191,0.024285,-1.042937
002724.npy,0,0.000427,0.172549,0.415686,0.870588,0.042243,4.009266,0.004288,0.006529,-1.576024
002725.npy,0,0.020660,0.035294,0.188235,0.576471,0.023746,4.793497,0.001151,0.002364,-1.570089
002726.npy,0,0.030930,0.031373,0.164706,0.525490,0.019830,4.821556,0.000693,0.001755,-1.577103
002727.npy,0,0.034073,0.027451,0.160784,0.529412,0.019924,4.799089,0.000762,0.001761,-1.579295
002728.npy,1,0.001114,0.098039,0.533333,0.952941,0.105341,3.226616,0.013237,0.015037,-0.935333
002729.npy,0,0.000320,0.305882,0.886275,0.976471,0.009409,8.949944,0.000056,0.000045,-1.472310
002730.npy,0,0.000320,0.243137,0.882353,0.968627,0.009939,9.765024,0.000052,0.000042,-1.505859
002731.npy,0,0.000183,0.258824,0.843137,0.917647,0.012582,8.854401,0.000047,0.000053,-1.568067
002732.npy,0,0.066299,0.023529,0.360784,0.831373,0.054662,4.601672,0.007932,0.015684,-1.591743
002733.npy,0,0.014648,0.039216,0.737255,0.866667,0.029994,7.997037,0.000842,0.003206,-1.710577
002734.npy,0,0.011185,0.043137,0.827451,0.945098,0.028871,8.464272,0.000836,0.002344,-1.660440
002735.npy,0,0.014404,0.039216,0.737255,0.866667,0.029588,8.075191,0.000821,0.003225,-1.699435
002736.npy,0,0.070740,0.015686,0.313726,0.976471,0.037962,6.430960,0.003196,0.009937,-1.580470
002737.npy,0,0.011948,0.039216,0.403922,0.811765,0.038234,5.583280,0.003190,0.007980,-1.570599
002738.npy,0,0.011627,0.039216,0.427451,0.913725,0.041726,5.357919,0.003467,0.008701,-1.563831
002739.npy,0,0.016998,0.031373,0.415686,0.905882,0.040792,5.355238,0.003407,0.008182,-1.566489
002740.npy,0,0.025681,0.027451,0.568627,0.992157,0.022343,7.667018,0.000748,0.001949,-1.714575
002741.npy,1,0.000427,0.160784,0.541176,0.925490,0.101707,3.352109,0.015066,0.013666,-0.951305
002742.npy,1,0.000504,0.149020,0.505882,0.921569,0.091143,3.566236,0.013168,0.013821,-1.035454
002743.npy,1,0.000412,0.164706,0.545098,0.925490,0.101654,3.358021,0.015501,0.013977,-0.945466
002744.npy,1,0.004868,0.086275,0.725490,0.988235,0.120038,3.433215,0.025032,0.030126,-1.023935
002745.npy,0,0.006882,0.054902,0.294118,0.701961,0.026763,3.253441,0.001565,0.001981,-1.269240
002746.npy,0,0.003693,0.074510,0.298039,0.684902,0.027028,3.211744,0.001601,0.001736,-1.266112
002747.npy,0,0.006424,0.054902,0.282353,0.658824,0.025282,3.261992,0.001411,0.001693,-1.278448
002748.npy,0,0.075897,0.015686,0.196078,0.823529,0.026214,4.315542,0.001439,0.003458,-1.582223
002749.npy,0,0.107056,0.007843,0.125490,0.368627,0.059243,3.092095,0.004799,0.002801,-0.669086
002750.npy,0,0.099747,0.007843,0.129412,0.368627,0.058971,3.025214,0.004794,0.002864,-0.669148
002751.npy,0,0.106125,0.007843,0.125490,0.368627,0.059140,3.080546,0.004803,0.002800,-0.668696
002752.npy,0,0.054825,0.011765,0.188235,0.898039,0.032959,7.662621,0.001639,0.005390,-1.553545
002753.npy,0,0.001343,0.082353,0.215686,0.647059,0.016802,7.421926,0.000417,0.000735,-1.615907
002754.npy,0,0.004959,0.066667,0.211765,0.956863,0.013246,7.727029,0.000373,0.000597,-1.688512
002755.npy,0,0.004684,0.066667,0.211765,0.956863,0.013239,7.763692,0.000360,0.000530,-1.695417
002756.npy,0,0.000153,0.192157,0.368627,0.431373,0.015092,3.546153,0.000232,0.000095,-0.995625
002757.npy,0,0.000031,0.270588,0.517647,0.792157,0.065757,2.593313,0.005289,0.001980,-0.665055
002758.npy,0,0.000015,0.329412,0.549020,0.788235,0.065499,2.621092,0.005118,0.002009,-0.613235
002759.npy,0,0.000031,0.235294,0.470588,0.737255,0.064501,2.583936,0.005110,0.001881,-0.657231
002760.npy,0,0.000961,0.105882,0.898039,0.933333,0.013709,10.314231,0.000051,0.000080,-1.401388
002761.npy,0,0.000214,0.254902,0.909804,0.952941,0.016377,21.168709,0.000041,0.000047,-1.211703
002762.npy,0,0.001297,0.505882,0.913725,0.968627,0.013528,16.935114,0.000046,0.000090,-1.204239
002763.npy,0,0.000229,0.258824,0.886275,0.968627,0.015057,15.651200,0.000059,0.000105,-1.351967
002764.npy,0,0.029419,0.035294,0.384314,0.627451,0.038920,4.910321,0.002818,0.004941,-1.381192
002765.npy,0,0.002411,0.070588,0.372549,0.772549,0.014094,2.565318,0.000263,0.000084,-1.162024
002766.npy,0,0.001907,0.070588,0.368627,0.760784,0.014089,2.566238,0.000261,0.000091,-1.155386
002767.npy,0,0.003677,0.070588,0.384314,0.811765,0.013785,2.717441,0.000246,0.000088,-1.191296
002768.npy,0,0.059006,0.031373,0.380392,0.894118,0.016347,15.574262,0.000033,0.000172,-1.301161
002769.npy,0,0.000504,0.231373,0.541176,0.701961,0.050167,3.642999,0.002663,0.002431,-0.880002
002770.npy,0,0.000504,0.188235,0.450980,0.592157,0.043928,3.610842,0.001993,0.002410,-0.886753
002771.npy,0,0.000397,0.231373,0.537255,0.694118,0.049320,3.650224,0.002560,0.002320,-0.876480
002772.npy,0,0.000031,0.196078,0.239216,0.709804,0.014965,18.945858,0.000044,0.000069,-0.968258
002773.npy,0,0.016785,0.035294,0.450980,0.905882,0.038832,4.314229,0.003506,0.006551,-1.481781
002774.npy,0,0.035599,0.023529,0.458824,0.894118,0.034805,4.132390,0.003012,0.005540,-1.552764
002775.npy,0,0.025269,0.031373,0.411765,0.901961,0.041821,4.578439,0.003612,0.007376,-1.430107
002776.npy,1,0.000610,0.070588,0.223529,0.945098,0.080278,4.765960,0.012051,0.038020,-1.047685
002777.npy,0,0.036972,0.043137,0.133333,0.772549,0.056537,5.113579,0.009484,0.016043,-1.096748
002778.npy,1,0.012360,0.047059,0.149020,0.784314,0.062438,5.021821,0.011239,0.018782,-1.084723
002779.npy,1,0.010788,0.047059,0.172549,0.796078,0.066611,4.790226,0.012273,0.017115,-1.105757
002780.npy,0,0.005188,0.058824,0.627451,0.917647,0.040537,4.035836,0.002301,0.002322,-1.316091
002781.npy,1,0.001434,0.074510,0.290196,0.835294,0.076644,3.341048,0.009708,0.023516,-1.233614
002782.npy,1,0.001328,0.074510,0.290196,0.835294,0.076552,3.339054,0.009694,0.023455,-1.233655
002783.npy,1,0.001007,0.078431,0.290196,0.843137,0.076179,3.334111,0.010057,0.022548,-1.266064
002784.npy,0,0.128418,0.000000,0.317647,0.854902,0.031581,4.964452,0.002109,0.004966,-1.319502
002785.npy,0,0.000320,0.129412,0.368627,0.654902,0.060465,2.821481,0.006426,0.004990,-1.233398
002786.npy,0,0.000351,0.125490,0.368627,0.670588,0.061177,2.810991,0.006674,0.004832,-1.241178
002787.npy,0,0.000504,0.117647,0.349020,0.650980,0.056453,2.842527,0.005744,0.004414,-1.277005
002788.npy,0,0.001343,0.113725,0.745098,0.831373,0.026400,5.173226,0.000875,0.000785,-1.459035
002789.npy,0,0.000336,0.211765,0.505882,0.756863,0.064151,2.551385,0.005679,0.002650,-0.844196
002790.npy,0,0.000122,0.211765,0.494118,0.756863,0.066884,2.553704,0.006106,0.002685,-0.835968
002791.npy,0,0.000244,0.243137,0.552941,0.811765,0.069133,2.529830,0.006557,0.003079,-0.872381
002792.npy,0,0.000565,0.243137,0.807843,0.972549,0.018150,7.372387,0.000334,0.001153,-1.669790
002793.npy,0,0.188538,0.003922,0.313726,0.643137,0.017412,3.424931,0.000713,0.001478,-1.556910
002794.npy,0,0.234299,0.000000,0.294118,0.627451,0.016927,3.592079,0.000673,0.001532,-1.555994
002795.npy,0,0.156418,0.003922,0.321569,0.623529,0.017531,3.364671,0.000723,0.001464,-1.538854
002796.npy,0,0.001175,0.137255,0.858824,0.929412,0.028756,8.093883,0.000051,0.005693,-1.192300
002797.npy,0,0.000885,0.082353,0.607843,0.898039,0.029461,2.501457,0.001143,0.000402,-0.956547
002798.npy,0,0.001190,0.078431,0.600000,0.901961,0.029713,2.508552,0.001166,0.000411,-0.962557
002799.npy,0,0.000366,0.121569,0.635294,0.882353,0.030575,2.501117,0.001245,0.000424,-0.936547
002800.npy,0,0.000015,0.239216,0.772549,0.956863,0.051241,6.125146,0.005338,0.016455,-0.999042
002801.npy,0,0.033493,0.031373,0.737255,0.952941,0.032349,4.988338,0.000898,0.002182,-1.104920
002802.npy,0,0.032471,0.035294,0.737255,0.952941,0.032933,4.954216,0.000941,0.002278,-1.104482
002803.npy,0,0.033646,0.031373,0.729412,0.945098,0.036882,4.753524,0.001292,0.003419,-1.071276
002804.npy,0,0.032669,0.023529,0.313726,0.815686,0.041010,4.767484,0.002800,0.004745,-1.297082
002805.npy,0,0.000214,0.113725,0.364706,0.815686,0.037843,2.422548,0.001851,0.000540,-0.860719
002806.npy,0,0.000137,0.145098,0.466667,0.843137,0.049124,2.423610,0.003097,0.000859,-0.785001
002807.npy,0,0.000153,0.121569,0.392157,0.819608,0.041057,2.447320,0.002189,0.000626,-0.845399
002808.npy,0,0.021271,0.035294,0.317647,0.760784,0.048457,5.746363,0.004344,0.011765,-1.211113
002809.npy,0,0.014893,0.039216,0.133333,0.407843,0.027278,4.880504,0.000578,0.000735,-0.964096
002810.npy,0,0.061447,0.011765,0.121569,0.419608,0.027525,5.044462,0.000559,0.001036,-0.987502
002811.npy,0,0.033951,0.023529,0.121569,0.411765,0.028144,4.947105,0.000575,0.001141,-0.985711
002812.npy,0,0.020584,0.031373,0.439216,0.980392,0.031040,6.310965,0.001637,0.007905,-1.780089
002813.npy,0,0.043839,0.027451,0.466667,0.992157,0.032006,6.687861,0.001698,0.009919,-1.689426
002814.npy,0,0.061691,0.023529,0.509804,0.996078,0.032819,6.218126,0.002414,0.009830,-1.680680
002815.npy,0,0.062805,0.023529,0.337255,0.996078,0.036717,5.928452,0.002929,0.012887,-1.651540
002816.npy,0,0.008545,0.050980,0.235294,0.943725,0.030131,6.216132,0.001288,0.004070,-1.476894
002817.npy,0,0.005722,0.056275,0.200000,0.623529,0.025578,4.602042,0.000776,0.001395,-1.297851
002818.npy,0,0.000565,0.105882,0.356863,0.752941,0.042680,4.137857,0.002213,0.003050,-1.202406
002819.npy,0,0.005890,0.054902,0.200000,0.623529,0.026385,4.679457,0.000835,0.001756,-1.318678
002820.npy,0,0.003754,0.070588,0.450980,0.894118,0.067768,3.953612,0.008770,0.012497,-1.151554
002821.npy,0,0.003769,0.062745,0.243137,0.705882,0.047962,4.414101,0.002933,0.005627,-1.086331
002822.npy,0,0.004364,0.058824,0.243137,0.705882,0.048064,4.423449,0.002937,0.005652,-1.086557
002823.npy,0,0.003387,0.064118,0.258824,0.729412,0.050429,4.549327,0.003229,0.006741,-1.105898
002824.npy,0,0.010742,0.047059,0.411765,0.976471,0.048955,5.860339,0.004244,0.018098,-1.415193
002825.npy,0,0.000015,0.298039,0.639216,0.878431,0.054718,4.264913,0.004750,0.007367,-1.005237
002826.npy,0,0.000015,0.290196,0.650980,0.882353,0.057185,4.017718,0.004992,0.006530,-1.014310
002827.npy,0,0.000198,0.258824,0.576471,0.866667,0.053210,4.776819,0.004755,0.010160,-1.008611
002828.npy,0,0.011597,0.043137,0.278431,0.596078,0.010910,12.684098,0.000024,0.000201,-1.675279
002829.npy,0,0.000275,0.105882,0.392157,0.901961,0.025020,2.546941,0.000796,0.000325,-1.082977
002830.npy,0,0.000565,0.098039,0.423529,0.905882,0.025640,2.533677,0.000866,0.000372,-1.171424
002831.npy,0,0.000351,0.098039,0.407843,0.894118,0.024997,2.534528,0.000793,0.000336,-1.114036
002832.npy,0,0.050125,0.011765,0.376471,0.807843,0.038849,5.658983,0.002682,0.006201,-1.564468
002833.npy,0,0.182510,0.007843,0.235294,0.803922,0.058021,4.626568,0.008975,0.013567,-1.282028
002834.npy,0,0.161087,0.007843,0.239216,0.792157,0.062797,4.582217,0.010434,0.013967,-1.232506
002835.npy,0,0.181946,0.007843,0.239216,0.807843,0.058125,4.624611,0.009029,0.013611,-1.282254
002836.npy,0,0.051819,0.019608,0.164706,0.886275,0.018738,14.701702,0.000071,0.000541,-1.661463
002837.npy,0,0.005478,0.074510,0.607843,0.964706,0.010336,3.225039,0.000302,0.000648,-1.602198
002838.npy,0,0.005127,0.074510,0.607843,0.964706,0.010342,3.222983,0.000297,0.000647,-1.604357
002839.npy,0,0.003067,0.109804,0.619608,0.964706,0.010142,3.200098,0.000286,0.000671,-1.576945
002840.npy,0,0.000900,0.109804,0.301961,0.937255,0.041899,5.994187,0.002145,0.005718,-1.368904
002841.npy,0,0.001129,0.172549,0.909804,0.960784,0.017496,10.323401,0.000081,0.001236,-1.562441
002842.npy,0,0.001266,0.200000,0.909804,0.952941,0.015994,10.414020,0.000058,0.000857,-1.536758
002843.npy,0,0.001450,0.129412,0.878431,0.960784,0.024255,9.760685,0.000170,0.004201,-1.514379
002844.npy,0,0.000168,0.180392,0.615686,0.929412,0.035619,3.346065,0.002259,0.002092,-1.259485
002845.npy,0,0.472092,0.000000,0.066667,0.784314,0.028935,4.060842,0.001727,0.003721,-1.138735
002846.npy,0,0.468445,0.000000,0.066667,0.713726,0.028781,4.021898,0.001675,0.003648,-1.111023
002847.npy,0,0.473114,0.000000,0.062745,0.776471,0.023357,3.928554,0.001154,0.002280,-1.133102
002848.npy,0,0.003387,0.066667,0.427451,0.960784,0.021035,4.822964,0.000640,0.000724,-1.178943
002849.npy,0,0.009109,0.050980,0.541176,0.945098,0.008846,3.965268,0.000143,0.000268,-1.645470
002850.npy,0,0.011475,0.047059,0.501961,0.952941,0.009128,4.544480,0.000145,0.000271,-1.642494
002851.npy,0,0.008392,0.070588,0.729412,0.968627,0.009821,5.206357,0.000206,0.000484,-1.594136
002852.npy,0,0.004669,0.058824,0.262745,0.803922,0.070311,4.713699,0.006161,0.015773,-0.937823
002853.npy,1,0.255798,0.000000,0.133333,0.800000,0.091604,3.926352,0.013632,0.020588,-1.041762
002854.npy,1,0.225281,0.000000,0.149020,0.798627,0.095012,3.756306,0.014309,0.019976,-1.011621
002855.npy,1,0.224335,0.000000,0.149020,0.796078,0.094868,3.762076,0.014716,0.020569,-1.009375
002856.npy,0,0.000336,0.184314,0.274510,0.949020,0.030576,6.513087,0.000526,0.004534,-1.262790
002857.npy,0,0.021820,0.035294,0.411765,0.925490,0.009608,2.490961,0.000157,0.000063,-1.291056
002858.npy,0,0.011490,0.047059,0.435294,0.929412,0.009256,2.550913,0.000148,0.000057,-1.295303
002859.npy,0,0.005798,0.058824,0.403922,0.921569,0.009913,2.571270,0.000165,0.000076,-1.263585
002860.npy,0,0.002060,0.109804,0.439216,0.843137,0.042592,3.582755,0.003520,0.003881,-1.443665
002861.npy,0,0.000671,0.109804,0.329412,0.814314,0.048218,3.884174,0.005007,0.006914,-1.463357
002862.npy,0,0.002182,0.094118,0.333333,0.690196,0.047889,3.815738,0.004947,0.007336,-1.427936
002863.npy,0,0.002136,0.105882,0.400000,0.790784,0.055976,3.752834,0.007048,0.008715,-1.437590
002864.npy,0,0.006500,0.062745,0.172549,0.819608,0.034493,6.170763,0.000560,0.006095,-1.290022
002865.npy,0,0.050125,0.023529,0.184314,0.500588,0.035517,3.910087,0.002240,0.003006,-1.336861
002866.npy,0,0.050598,0.023529,0.188235,0.498039,0.035651,3.878554,0.002181,0.003064,-1.319761
002867.npy,0,0.050232,0.023529,0.172549,0.501961,0.034511,3.883886,0.002077,0.002951,-1.333244
002868.npy,0,0.006744,0.054902,0.407843,0.941176,0.045673,4.467245,0.003532,0.006607,-1.302217
002869.npy,0,0.016357,0.043137,0.482353,0.945098,0.014257,2.914190,0.000297,0.000340,-1.360099
002870.npy,0,0.009277,0.050980,0.403922,0.933333,0.016008,2.795891,0.000366,0.000391,-1.324268
002871.npy,0,0.008209,0.050980,0.400000,0.937255,0.016077,2.815711,0.000349,0.000365,-1.335616
002872.npy,0,0.089401,0.000000,0.247059,0.956863,0.019686,8.014694,0.000436,0.000926,-1.495406
002873.npy,0,0.000061,0.572549,0.870588,0.980392,0.014856,10.440755,0.000219,0.000300,-1.166723
002874.npy,0,0.000092,0.466667,0.898039,0.996078,0.013615,12.021036,0.000153,0.000320,-1.255887
002875.npy,0,0.000076,0.431373,0.870588,0.992157,0.014407,12.187834,0.000187,0.000335,-1.275690
002876.npy,0,0.000702,0.094118,0.396078,0.796078,0.038013,2.683712,0.001741,0.000779,-0.783134
002877.npy,0,0.000015,0.094118,0.168627,0.933333,0.034425,8.614765,0.000723,0.004818,-1.354947
002878.npy,0,0.000046,0.094118,0.160784,0.929412,0.032452,8.724089,0.000517,0.003361,-1.309212
002879.npy,0,0.000046,0.090196,0.160784,0.929412,0.032484,8.705137,0.000504,0.003401,-1.309222
002880.npy,0,0.002304,0.105882,0.392157,0.905882,0.016573,2.731424,0.000575,0.000805,-1.366747
002881.npy,0,0.008209,0.054902,0.384314,0.901961,0.031393,5.096769,0.002270,0.004932,-1.595887
002882.npy,0,0.014542,0.035294,0.376471,0.898039,0.031148,5.108673,0.002183,0.004791,-1.603349
002883.npy,0,0.011917,0.043137,0.400000,0.898039,0.032520,5.041773,0.002489,0.004961,-1.596959
002884.npy,0,0.001190,0.090196,0.639216,0.866667,0.037857,4.870738,0.001980,0.004696,-1.334031
002885.npy,0,0.001099,0.109804,0.450980,0.772549,0.047781,4.265558,0.004540,0.006298,-1.346360
002886.npy,0,0.003082,0.070588,0.352941,0.623529,0.039534,4.295050,0.003147,0.004524,-1.340857
002887.npy,0,0.004959,0.058824,0.329412,0.623529,0.037224,4.361511,0.002698,0.003913,-1.350937
002888.npy,0,0.000381,0.180392,0.537255,0.980392,0.030213,4.836153,0.001978,0.007396,-1.520541
002889.npy,0,0.000137,0.152941,0.494118,0.854902,0.025579,4.061502,0.001317,0.003043,-1.332125
002890.npy,0,0.000168,0.149020,0.490196,0.854902,0.025688,4.057542,0.001321,0.003084,-1.332297
002891.npy,0,0.000168,0.149020,0.490196,0.854902,0.025654,4.051558,0.001310,0.003102,-1.332045
002892.npy,0,0.021118,0.023529,0.729412,0.933333,0.041732,5.298180,0.004611,0.006863,-1.388064
002893.npy,0,0.002869,0.062745,0.423529,0.878431,0.015545,2.777790,0.000424,0.000331,-1.370379
002894.npy,0,0.001907,0.074510,0.521569,0.854902,0.015980,2.798099,0.000453,0.000333,-1.377836
002895.npy,0,0.003433,0.062745,0.490196,0.905882,0.015492,2.778699,0.000408,0.000324,-1.387247
002896.npy,0,0.003860,0.074510,0.478431,0.870588,0.026732,5.224389,0.001481,0.003518,-1.618745
002897.npy,0,0.001617,0.105882,0.427451,0.756863,0.074561,3.559431,0.009386,0.008917,-0.997009
002898.npy,0,0.001404,0.109804,0.427451,0.756863,0.074931,3.528052,0.009480,0.008850,-0.993911
002899.npy,0,0.001266,0.113725,0.419608,0.752941,0.073667,3.582531,0.009050,0.008883,-0.985147
002900.npy,1,0.003372,0.062745,0.262745,0.913725,0.066593,5.046244,0.008725,0.021277,-1.219655
002901.npy,1,0.003510,0.070588,0.956863,0.996078,0.081202,5.982877,0.029911,0.082157,-1.325588
002902.npy,1,0.002960,0.074510,0.956863,0.996078,0.076965,6.286960,0.019819,0.077398,-1.337087
002903.npy,1,0.003525,0.070588,0.956863,0.996078,0.083329,5.799194,0.036699,0.083642,-1.323110
002904.npy,0,0.073120,0.019608,0.352941,0.686275,0.028244,6.019040,0.001644,0.004227,-1.599433
002905.npy,0,0.041138,0.024902,0.254902,0.678431,0.048697,5.307498,0.006666,0.010578,-1.376096
002906.npy,0,0.037415,0.023529,0.254902,0.674510,0.047579,5.007400,0.006331,0.009721,-1.393257
002907.npy,0,0.032272,0.027451,0.258824,0.654902,0.046928,4.967956,0.006104,0.009616,-1.378372
002908.npy,0,0.000412,0.129412,0.529412,0.972549,0.053668,5.560898,0.006249,0.017418,-1.210610
002909.npy,0,0.000885,0.133333,0.215686,0.731961,0.024735,4.883639,0.000698,0.000336,-1.122061
002910.npy,0,0.000992,0.129412,0.207843,0.694118,0.026333,6.575562,0.000694,0.000327,-1.120009
002911.npy,0,0.000870,0.133333,0.215686,0.731961,0.024704,4.895573,0.000703,0.000316,-1.122705
002912.npy,0,0.001816,0.090196,0.800000,0.980392,0.036331,10.725510,0.000336,0.010975,-1.453408
002913.npy,0,0.139832,0.027451,0.149020,0.427451,0.014657,3.608477,0.000440,0.000726,-1.280936
002914.npy,0,0.231369,0.015686,0.101961,0.324118,0.010450,3.953377,0.000219,0.000383,-1.331459
002915.npy,0,0.226959,0.023529,0.094118,0.615686,0.011037,7.161768,0.000169,0.000345,-1.412290
002916.npy,0,0.002945,0.103333,0.580392,0.890196,0.029596,6.504858,0.001675,0.004033,-1.468408
002917.npy,0,0.032471,0.019608,0.717647,0.941176,0.034024,6.783887,0.001331,0.006591,-1.607933
002918.npy,0,0.057922,0.015686,0.643137,0.941176,0.033723,6.819495,0.001519,0.007336,-1.607875
002919.npy,0,0.007858,0.062745,0.764706,0.949020,0.033136,7.073209,0.001037,0.006202,-1.587049
002920.npy,1,0.024979,0.031373,0.349020,0.870588,0.105614,3.437566,0.022356,0.020766,-0.935112
002921.npy,0,0.000488,0.098039,0.572549,0.713726,0.027654,6.587388,0.000681,0.003516,-1.299576
002922.npy,0,0.000549,0.129412,0.533333,0.658824,0.025746,6.699252,0.000489,0.002709,-1.185248
002923.npy,0,0.000732,0.121569,0.529412,0.658824,0.025723,6.556831,0.000511,0.002621,-1.175054
002924.npy,0,0.000732,0.066667,0.243137,0.776471,0.046358,4.566139,0.002731,0.002755,-1.107590
002925.npy,0,0.001160,0.109804,0.474510,0.729412,0.069733,2.612765,0.005486,0.002231,-0.563562
002926.npy,0,0.000244,0.156863,0.525490,0.831373,0.071262,2.648484,0.005702,0.002785,-0.650873
002927.npy,0,0.000076,0.164706,0.521569,0.815686,0.071738,2.623667,0.005762,0.002505,-0.598040
002928.npy,1,0.002365,0.074510,0.529412,0.925490,0.066418,4.940857,0.012329,0.022265,-1.241013
002929.npy,0,0.000397,0.172549,0.549020,0.811765,0.065341,4.182743,0.004686,0.009760,-0.825220
002930.npy,0,0.000412,0.172549,0.509804,0.807843,0.065328,4.108464,0.004579,0.010345,-0.834354
002931.npy,0,0.000412,0.172549,0.545098,0.811765,0.065645,4.180453,0.004643,0.010777,-0.824080
002932.npy,0,0.000473,0.098039,0.309804,0.901961,0.039921,4.572094,0.002203,0.009494,-1.448528
002933.npy,0,0.375549,0.011765,0.070588,0.709804,0.018654,10.665013,0.000229,0.001543,-1.448010
002934.npy,0,0.389069,0.011765,0.066667,0.670588,0.018192,10.649242,0.000230,0.001350,-1.441734
002935.npy,0,0.385880,0.011765,0.066667,0.670588,0.018192,10.680853,0.000235,0.001323,-1.443515
002936.npy,0,0.118652,0.011765,0.200000,0.682353,0.021966,7.774301,0.000549,0.003958,-1.724843
002937.npy,0,0.023651,0.023529,0.611765,0.898039,0.035981,4.541495,0.001588,0.005479,-1.393644
002938.npy,0,0.030365,0.015686,0.607843,0.898039,0.036045,4.679635,0.001628,0.005270,-1.423049
002939.npy,0,0.024353,0.019608,0.611765,0.905882,0.034980,4.545982,0.001455,0.005111,-1.405007
002940.npy,1,0.090393,0.015686,0.556863,0.956863,0.072072,4.597943,0.012514,0.021578,-1.198354
002941.npy,0,0.000046,0.133333,0.376471,0.988235,0.038715,4.077942,0.001841,0.003994,-1.337712
002942.npy,0,0.000046,0.133333,0.396078,0.992157,0.040042,4.063124,0.001968,0.005571,-1.360483
002943.npy,0,0.000046,0.133333,0.384314,0.992157,0.038633,4.235223,0.001775,0.003938,-1.333181
002944.npy,0,0.016113,0.035294,0.341176,0.901961,0.065846,3.743315,0.006988,0.008416,-1.103551
002945.npy,0,0.002579,0.078431,0.435294,0.760784,0.067744,3.093392,0.008127,0.007361,-1.167070
002946.npy,0,0.003433,0.070588,0.443137,0.776471,0.068476,3.106956,0.008632,0.007630,-1.210631
002947.npy,0,0.004425,0.070588,0.407843,0.724118,0.066319,3.116543,0.007751,0.006809,-1.152978
002948.npy,0,0.011871,0.047059,0.733333,0.901961,0.049581,7.013310,0.002589,0.023509,-1.476875
002949.npy,0,0.000549,0.156863,0.631373,0.870588,0.055822,3.157403,0.004482,0.004890,-0.769834
002950.npy,0,0.000046,0.227451,0.631373,0.803922,0.048683,3.237668,0.003222,0.003921,-0.758016
002951.npy,0,0.000061,0.211765,0.623529,0.796078,0.049338,3.252287,0.003228,0.004105,-0.760242
002952.npy,0,0.042282,0.023529,0.376471,0.850980,0.039499,6.836936,0.001971,0.010850,-1.286351
002953.npy,0,0.071030,0.023529,0.400000,0.921569,0.019703,11.275723,0.000150,0.001546,-1.727340
002954.npy,0,0.052139,0.024902,0.392157,0.937255,0.025291,10.241488,0.000261,0.004638,-1.699332
002955.npy,0,0.081055,0.015686,0.360784,0.941176,0.024685,10.981277,0.000205,0.004587,-1.693999
002956.npy,0,0.221558,0.000000,0.600000,0.952941,0.049467,4.848521,0.004918,0.007420,-1.252983
002957.npy,0,0.033508,0.000000,0.376471,0.725490,0.044559,3.954404,0.003892,0.005074,-1.217034
002958.npy,0,0.030945,0.000000,0.360784,0.788235,0.038201,3.886047,0.002982,0.003470,-1.232017
002959.npy,0,0.024948,0.003922,0.392157,0.803922,0.038877,3.816113,0.002945,0.003486,-1.217008
002960.npy,0,0.056305,0.023529,0.309804,0.760784,0.053313,4.425805,0.005813,0.010747,-1.202523
002961.npy,0,0.072342,0.023529,0.160784,0.603922,0.017428,4.747916,0.000656,0.001684,-1.575447
002962.npy,0,0.066269,0.027451,0.156863,0.600000,0.016968,4.875401,0.000603,0.001591,-1.577962
002963.npy,0,0.059769,0.023529,0.160784,0.760784,0.018626,7.143072,0.000599,0.001656,-1.587682
002964.npy,0,0.228287,0.015686,0.141176,0.782941,0.043937,4.842154,0.004442,0.008663,-1.378645
002965.npy,0,0.068222,0.011765,0.219608,0.800000,0.031967,5.524601,0.001910,0.004625,-1.464487
002966.npy,0,0.045868,0.015686,0.266667,0.827451,0.039483,5.305445,0.002872,0.007657,-1.453214
002967.npy,0,0.053711,0.011765,0.262745,0.819608,0.039874,5.423870,0.002662,0.007734,-1.454046
002968.npy,0,0.000336,0.215686,0.800000,0.941176,0.050109,5.218414,0.002765,0.005795,-1.152549
002969.npy,0,0.002579,0.137255,0.796078,0.972549,0.010186,3.043596,0.000205,0.000370,-1.444262
002970.npy,0,0.002197,0.185686,0.807843,0.968627,0.010059,3.025968,0.000191,0.000340,-1.429406
002971.npy,0,0.001694,0.200000,0.815686,0.976471,0.010452,3.414425,0.000186,0.000340,-1.439047
002972.npy,0,0.722214,0.007843,0.011765,0.941176,0.010147,9.115439,0.000004,0.000431,-1.412530
002973.npy,1,0.051300,0.007843,0.498039,0.988235,0.263066,2.126433,0.082016,0.012803,0.018045
002974.npy,1,0.051971,0.007843,0.498039,0.988235,0.262977,2.125069,0.082459,0.012705,0.010611
002975.npy,1,0.051361,0.007843,0.501961,0.988235,0.263057,2.120013,0.082164,0.012872,0.000223
002976.npy,1,0.009796,0.050980,0.517647,0.905882,0.082730,3.895523,0.018661,0.028001,-1.036722
002977.npy,0,0.260269,0.011765,0.074510,0.431373,0.034584,4.752043,0.001106,0.002732,-0.937262
002978.npy,0,0.236542,0.015686,0.078431,0.584314,0.039247,5.505365,0.001606,0.003797,-1.022196
002979.npy,0,0.193344,0.015686,0.086275,0.533333,0.039573,5.125605,0.001656,0.003612,-0.976201
002980.npy,0,0.173737,0.000000,0.200000,0.823529,0.045113,4.412827,0.003221,0.003385,-1.201771
002981.npy,1,0.051300,0.007843,0.498039,0.988235,0.262228,2.125693,0.081788,0.012379,-0.007103
002982.npy,1,0.051422,0.007843,0.498039,0.988235,0.263204,2.120123,0.082409,0.013086,0.000343
002983.npy,1,0.051010,0.007843,0.498039,0.988235,0.262165,2.120128,0.081829,0.013184,0.016948
002984.npy,0,0.014572,0.035294,0.623529,0.921569,0.037208,6.172851,0.002147,0.010394,-1.688058
002985.npy,0,0.000488,0.368627,0.576471,0.847059,0.038354,3.525678,0.001746,0.001188,-0.904298
002986.npy,0,0.001709,0.239216,0.619608,0.929412,0.036970,3.702822,0.001558,0.001160,-0.986985
002987.npy,0,0.000519,0.364706,0.576471,0.847059,0.039261,3.617609,0.001811,0.001181,-0.892438
002988.npy,0,0.008072,0.058824,0.666667,0.870588,0.030477,6.929543,0.000690,0.000539,-1.150019
002989.npy,0,0.025620,0.027451,0.380392,0.843137,0.038987,3.852042,0.002121,0.002053,-1.190192
002990.npy,0,0.061203,0.023529,0.411765,0.866667,0.037459,4.599954,0.001825,0.002372,-1.202238
002991.npy,0,0.033356,0.019608,0.325490,0.839216,0.037440,3.846590,0.002038,0.002038,-1.195639
002992.npy,1,0.001083,0.090196,0.313726,0.992157,0.091828,5.478233,0.026764,0.069146,-1.254263
002993.npy,0,0.015701,0.043137,0.274510,0.980392,0.055706,6.069752,0.005779,0.016140,-1.292835
002994.npy,0,0.015320,0.043137,0.290196,0.980392,0.057351,5.938464,0.005969,0.017137,-1.289826
002995.npy,0,0.015289,0.043137,0.317647,0.984314,0.058914,5.800601,0.006580,0.017600,-1.288242
002996.npy,0,0.007904,0.050980,0.443137,0.992157,0.026091,8.836415,0.000609,0.002442,-1.356290
002997.npy,0,0.000320,0.160784,0.498039,0.611765,0.019944,5.704690,0.000395,0.001047,-1.227615
002998.npy,0,0.000427,0.180392,0.486275,0.611765,0.019288,5.873408,0.000365,0.000931,-1.227593
002999.npy,0,0.000137,0.211765,0.478431,0.607843,0.018764,5.897405,0.000351,0.000781,-1.225507
003000.npy,0,0.163040,0.003922,0.164706,0.992157,0.048204,6.545166,0.002033,0.012860,-1.343933
003001.npy,0,0.008224,0.054902,0.392157,0.462745,0.011415,11.465152,0.000058,0.000022,-1.420096
003002.npy,0,0.003647,0.070588,0.388235,0.447059,0.009859,9.126315,0.000058,0.000023,-1.335986
003003.npy,0,0.005600,0.062745,0.384314,0.450980,0.012597,11.047815,0.000058,0.000026,-1.398788
003004.npy,0,0.409363,0.000000,0.082353,0.568627,0.053548,4.239612,0.004951,0.008697,-1.103471
003005.npy,0,0.311478,0.000000,0.098039,0.839216,0.061206,5.251725,0.005146,0.014779,-1.223039
003006.npy,0,0.314331,0.000000,0.094118,0.788235,0.063333,5.256518,0.006295,0.016649,-1.222180
003007.npy,0,0.285141,0.000000,0.113725,0.835294,0.063712,5.121721,0.006541,0.016454,-1.241640
003008.npy,0,0.001038,0.105882,0.325490,0.854902,0.037095,4.006756,0.003632,0.009139,-1.640437
003009.npy,0,0.000656,0.105882,0.341176,0.654902,0.046177,2.699195,0.002774,0.001588,-0.923800
003010.npy,0,0.000595,0.117647,0.349020,0.662745,0.045843,2.708514,0.002737,0.001583,-0.923856
003011.npy,0,0.000153,0.168627,0.470588,0.776471,0.058466,2.673049,0.004416,0.002487,-0.857030
003012.npy,0,0.008530,0.054902,0.615686,0.866667,0.063405,5.197742,0.005761,0.015154,-1.155892
003013.npy,0,0.000076,0.788235,0.870588,0.941176,0.004319,2.315093,0.000015,0.000005,-1.438860
003014.npy,0,0.000061,0.792157,0.874510,0.941176,0.004299,2.280424,0.000015,0.000004,-1.440731
003015.npy,0,0.000061,0.796078,0.874510,0.945098,0.004308,2.275789,0.000015,0.000004,-1.439410
003016.npy,1,0.018372,0.003922,0.698039,0.925490,0.083017,3.759063,0.018589,0.028175,-1.285055
003017.npy,0,0.000519,0.129412,0.439216,0.898039,0.037282,2.476548,0.001569,0.000455,-0.837470
003018.npy,0,0.000351,0.133333,0.435294,0.894118,0.037375,2.470723,0.001585,0.000454,-0.832542
003019.npy,0,0.000366,0.133333,0.435294,0.890196,0.037243,2.487248,0.001571,0.000448,-0.834969
003020.npy,0,0.013153,0.047059,0.129412,0.670588,0.036969,6.340726,0.000700,0.006510,-1.327705
003021.npy,0,0.040314,0.027451,0.243137,0.698039,0.073285,3.528737,0.010807,0.012438,-1.180223
003022.npy,0,0.044449,0.027451,0.239216,0.690196,0.072340,3.567049,0.010818,0.011922,-1.189910
003023.npy,0,0.057434,0.027451,0.239216,0.717647,0.072131,3.687602,0.011014,0.014698,-1.223627
003024.npy,0,0.037674,0.015686,0.537255,0.780392,0.022389,3.009722,0.000671,0.000442,-1.171027
003025.npy,0,0.011566,0.043137,0.396078,0.882353,0.031133,5.988939,0.000848,0.000485,-1.315078
003026.npy,0,0.011871,0.039216,0.392157,0.882353,0.031101,5.993681,0.000854,0.000447,-1.312743
003027.npy,0,0.011887,0.039216,0.396078,0.886275,0.031071,5.955072,0.000864,0.000502,-1.308359
003028.npy,0,0.003418,0.109804,0.592157,0.921569,0.060982,4.325984,0.006289,0.008394,-1.217702
003029.npy,0,0.199249,0.007843,0.117647,0.588235,0.070120,4.306443,0.008632,0.010918,-0.924290
003030.npy,0,0.202744,0.007843,0.113725,0.588235,0.070186,4.316206,0.008570,0.010712,-0.925814
003031.npy,0,0.186691,0.007843,0.121569,0.584314,0.069852,4.268687,0.008478,0.009671,-0.939475
003032.npy,0,0.001648,0.098039,0.803922,0.898039,0.047269,5.068995,0.002338,0.006855,-1.190253
003033.npy,0,0.000656,0.133333,0.584314,0.870588,0.055736,3.643996,0.004927,0.006066,-1.189009
003034.npy,0,0.000656,0.133333,0.584314,0.870588,0.055925,3.631776,0.004941,0.006338,-1.190018
003035.npy,0,0.001236,0.121569,0.584314,0.870588,0.055730,3.610385,0.004847,0.006224,-1.177866
003036.npy,1,0.003281,0.062745,0.529412,0.913725,0.119623,3.285906,0.021298,0.021185,-0.946447
003037.npy,0,0.104980,0.031373,0.125490,0.721569,0.041194,6.368439,0.003802,0.009583,-1.520524
003038.npy,0,0.104126,0.027451,0.129412,0.721569,0.042774,6.205840,0.004091,0.009817,-1.499281
003039.npy,0,0.086777,0.031373,0.139216,0.717647,0.043486,6.088519,0.004230,0.009595,-1.499137
003040.npy,0,0.876541,0.003922,0.019608,0.368627,0.023072,11.730006,0.000388,0.003166,-0.769220
003041.npy,0,0.479248,0.003922,0.054902,0.654902,0.035912,8.184493,0.001444,0.009772,-1.176093
003042.npy,0,0.484360,0.003922,0.054902,0.666667,0.036424,8.205191,0.001358,0.010974,-1.175609
003043.npy,0,0.491882,0.003922,0.050980,0.662745,0.037540,8.260134,0.001328,0.009057,-1.138569
003044.npy,0,0.000061,0.219608,0.529412,0.796078,0.081461,2.504142,0.007565,0.001960,-0.438487
003045.npy,0,0.000107,0.254902,0.619608,0.901961,0.027726,2.677075,0.000936,0.000493,-0.990280
003046.npy,0,0.000107,0.180392,0.729412,0.933333,0.020991,3.012470,0.000487,0.000310,-1.092913
003047.npy,0,0.000168,0.227451,0.678431,0.917647,0.024224,2.781717,0.000688,0.000387,-1.036919
003048.npy,0,0.013550,0.043137,0.482353,0.725490,0.033766,4.762735,0.001909,0.005759,-1.481846
003049.npy,0,0.000198,0.294118,0.933333,0.984314,0.005812,11.261139,0.000019,0.000013,-1.394215
003050.npy,0,0.000473,0.454902,0.917647,0.980392,0.005810,9.250307,0.000029,0.000019,-1.358074
003051.npy,0,0.000046,0.835294,0.898039,0.976471,0.006228,4.282053,0.000042,0.000027,-1.250213
003052.npy,0,0.013428,0.043137,0.200000,0.627451,0.037167,5.963629,0.001723,0.004674,-1.145592
003053.npy,0,0.002197,0.090196,0.313726,0.596078,0.032561,4.130566,0.002166,0.003864,-1.396204
003054.npy,0,0.002609,0.086275,0.313726,0.596078,0.032760,4.143706,0.002227,0.003819,-1.393848
003055.npy,0,0.002396,0.090196,0.317647,0.592157,0.032361,4.124164,0.002043,0.003549,-1.396739
003056.npy,0,0.000488,0.113725,0.415686,0.831373,0.049862,5.768146,0.003552,0.010554,-1.070654
003057.npy,0,0.001801,0.184314,0.541176,0.717647,0.014859,13.063467,0.000088,0.000112,-1.148664
003058.npy,0,0.001770,0.180392,0.541176,0.733333,0.016104,12.758092,0.000094,0.000149,-1.142724
003059.npy,0,0.001801,0.184314,0.533333,0.662745,0.013789,13.825049,0.000084,0.000082,-1.133294
003060.npy,1,0.010376,0.047059,0.447059,0.890196,0.091408,2.889809,0.015294,0.010313,-1.172673
003061.npy,0,0.000961,0.133333,0.615686,0.956863,0.025735,3.241456,0.002340,0.004471,-1.786482
003062.npy,0,0.001328,0.113725,0.588235,0.941176,0.026404,3.123405,0.002670,0.004709,-1.768545
003063.npy,0,0.000946,0.125490,0.600000,0.945098,0.026601,3.200239,0.002705,0.004811,-1.776859
003064.npy,0,0.003479,0.082353,0.698039,0.882353,0.043280,5.414803,0.003561,0.013125,-1.434873
003065.npy,0,0.008011,0.054902,0.278431,0.670588,0.033750,6.214232,0.002448,0.009565,-1.329546
003066.npy,0,0.001968,0.070588,0.349020,0.909804,0.040976,6.060672,0.003657,0.015350,-1.356416
003067.npy,0,0.006866,0.054902,0.149020,0.666667,0.025745,7.369462,0.000740,0.005995,-1.356452
003068.npy,0,0.022156,0.035294,0.894118,0.901961,0.034496,9.765282,0.000035,0.006123,-1.372237
003069.npy,0,0.000244,0.298039,0.611765,0.847059,0.068759,2.561070,0.005995,0.005468,-0.572310
003070.npy,0,0.000656,0.215686,0.678431,0.905882,0.059860,2.622345,0.004454,0.004264,-0.693720
003071.npy,0,0.001099,0.192157,0.658824,0.882353,0.057764,2.660941,0.004154,0.003865,-0.711426
003072.npy,0,0.002029,0.074510,0.247059,0.823529,0.040124,8.932281,0.000063,0.006584,-1.061832
003073.npy,0,0.000122,0.168627,0.266667,0.752941,0.012822,8.743981,0.000092,0.000029,-1.449330
003074.npy,0,0.000092,0.176471,0.274510,0.752941,0.011951,8.171129,0.000096,0.000030,-1.399863
003075.npy,0,0.000076,0.192157,0.298039,0.776471,0.011726,7.055057,0.000108,0.000031,-1.371313
003076.npy,0,0.018646,0.039216,0.407843,0.886275,0.052484,4.695420,0.006355,0.010374,-1.528169
003077.npy,0,0.002136,0.094118,0.576471,0.925490,0.034873,3.609495,0.003461,0.005948,-1.621674
003078.npy,0,0.001846,0.101961,0.501961,0.839216,0.028423,3.672457,0.002197,0.003697,-1.621183
003079.npy,0,0.001755,0.098039,0.564706,0.921569,0.034898,3.606827,0.003438,0.006252,-1.618729
003080.npy,0,0.037399,0.027451,0.564706,0.905882,0.029005,7.861234,0.000815,0.006003,-1.534910
003081.npy,0,0.001617,0.101961,0.462745,0.929412,0.024268,6.260995,0.000993,0.003057,-1.448759
003082.npy,0,0.001511,0.137255,0.505882,0.929412,0.026861,5.778438,0.001272,0.003439,-1.431133
003083.npy,0,0.001923,0.094118,0.407843,0.877059,0.025574,6.345541,0.000967,0.002796,-1.470667
003084.npy,1,0.000290,0.090196,0.501961,0.886275,0.084411,4.438948,0.012351,0.027361,-1.146992
003085.npy,0,0.011398,0.047059,0.141176,0.552941,0.035115,5.804423,0.001375,0.003223,-1.182892
003086.npy,0,0.015518,0.043137,0.141176,0.643137,0.039190,5.519407,0.001715,0.004977,-1.192125
003087.npy,0,0.014328,0.043137,0.152941,0.694118,0.043165,5.151516,0.002648,0.006488,-1.209227
003088.npy,0,0.009628,0.050980,0.231373,0.807843,0.053973,5.888778,0.005084,0.009779,-1.080279
003089.npy,0,0.007050,0.054902,0.301961,0.709804,0.041254,6.087799,0.003626,0.008666,-1.228145
003090.npy,0,0.007248,0.054902,0.301961,0.670588,0.040657,5.920231,0.003449,0.008768,-1.222903
003091.npy,0,0.010345,0.047059,0.313726,0.678431,0.043140,5.596601,0.004119,0.008770,-1.220840
003092.npy,0,0.002167,0.211765,0.498039,0.901961,0.025555,5.928336,0.001010,0.002128,-1.336964
003093.npy,0,0.000092,0.231373,0.713726,0.827451,0.049176,5.498592,0.004435,0.010485,-1.226570
003094.npy,0,0.000351,0.149020,0.670588,0.807843,0.051177,5.894044,0.004433,0.012675,-1.272176
003095.npy,0,0.000366,0.152941,0.670588,0.807843,0.051180,5.900886,0.004470,0.012673,-1.272057
003096.npy,0,0.059769,0.011765,0.345098,0.709804,0.056283,5.084974,0.005415,0.012724,-1.169702
003097.npy,0,0.154907,0.003922,0.349020,0.745098,0.046128,6.413775,0.003250,0.009881,-1.292008
003098.npy,0,0.153992,0.003922,0.298039,0.756863,0.049404,6.285647,0.003744,0.010751,-1.250346
003099.npy,0,0.130341,0.003922,0.352941,0.737255,0.046092,6.463756,0.003016,0.008519,-1.296014
003100.npy,0,0.320099,0.000000,0.160784,0.717647,0.059014,4.524852,0.007988,0.012768,-1.179284
003101.npy,0,0.023407,0.023529,0.243137,0.733333,0.080145,3.627616,0.008591,0.010619,-0.944144
003102.npy,1,0.018692,0.031373,0.243137,0.741176,0.083305,3.753235,0.008639,0.011130,-0.916564
003103.npy,0,0.025330,0.019608,0.239216,0.694118,0.076896,3.637087,0.008071,0.009652,-0.939582
003104.npy,0,0.499725,0.027451,0.050980,0.462745,0.013861,8.545074,0.000161,0.001066,-1.486598
003105.npy,0,0.487335,0.027451,0.050980,0.905882,0.014114,11.526338,0.000143,0.000928,-1.604182
003106.npy,0,0.576248,0.015686,0.031373,0.784314,0.011484,8.883670,0.000085,0.000674,-1.576503
003107.npy,0,0.496368,0.031373,0.050980,0.898039,0.013556,11.081862,0.000124,0.000844,-1.584765
003108.npy,0,0.000122,0.219608,0.670588,0.898039,0.022777,8.553713,0.000419,0.003207,-1.546272
003109.npy,0,0.000290,0.121569,0.764706,0.949020,0.025904,5.989094,0.000911,0.003553,-1.558126
003110.npy,0,0.000305,0.117647,0.760784,0.945098,0.025858,5.956467,0.000918,0.003525,-1.558183
003111.npy,0,0.000214,0.145098,0.756863,0.937255,0.027175,8.645226,0.000967,0.003721,-1.558230
003112.npy,0,0.015549,0.027451,0.396078,0.913725,0.024025,11.653596,0.000028,0.003044,-1.370265
003113.npy,0,0.157333,0.007843,0.180392,0.729412,0.051375,5.684934,0.005196,0.016055,-1.236218
003114.npy,0,0.261444,0.007843,0.129412,0.721569,0.047202,5.941088,0.004006,0.015698,-1.255843
003115.npy,0,0.292770,0.007843,0.109804,0.678431,0.045791,6.138421,0.003673,0.015268,-1.241301
003116.npy,0,0.000153,0.235294,0.862745,0.952941,0.015267,2.443592,0.000288,0.000094,-1.187359
003117.npy,0,0.151093,0.015686,0.109804,0.227451,0.006409,2.447524,0.000052,0.000017,-1.225362
003118.npy,0,0.205719,0.015686,0.082353,0.749020,0.009718,12.366917,0.000036,0.000014,-1.428055
003119.npy,0,0.191422,0.015686,0.090196,0.188235,0.005786,2.581049,0.000034,0.000011,-1.356626
003120.npy,0,0.001251,0.066667,0.203922,0.870588,0.010738,4.579799,0.000176,0.000437,-1.528331
003121.npy,0,0.003723,0.058824,0.541176,0.901961,0.040065,6.750389,0.001137,0.004804,-1.200281
003122.npy,0,0.001938,0.070588,0.549020,0.878431,0.035863,7.306781,0.000714,0.002538,-1.125792
003123.npy,0,0.003235,0.062745,0.545098,0.882353,0.034482,7.309944,0.000729,0.001955,-1.173686
003124.npy,0,0.000076,0.239216,0.780392,0.984314,0.011096,3.986667,0.000229,0.000892,-1.633216
003125.npy,0,0.000305,0.188235,0.368627,0.968627,0.011467,2.845941,0.000231,0.000417,-1.471460
003126.npy,0,0.003983,0.070588,0.282353,0.956863,0.013173,2.736644,0.000312,0.000605,-1.463530
003127.npy,0,0.000275,0.109804,0.294118,0.952941,0.012632,2.776680,0.000283,0.000501,-1.470832
003128.npy,0,0.000427,0.156863,0.521569,0.976471,0.063236,3.380720,0.009853,0.013302,-1.705169
003129.npy,0,0.000122,0.698039,0.854902,0.949020,0.022716,2.980124,0.000574,0.000277,-1.048320
003130.npy,0,0.000076,0.694118,0.847059,0.945098,0.022873,2.934770,0.000592,0.000273,-1.041745
003131.npy,0,0.000687,0.113725,0.854902,0.945098,0.024455,6.905323,0.000563,0.000296,-1.330580
003132.npy,0,0.001022,0.141176,0.705882,0.996078,0.060781,5.301695,0.007693,0.014346,-1.232909
003133.npy,0,0.103256,0.003922,0.223529,0.972549,0.028337,7.948955,0.001097,0.003189,-1.364700
003134.npy,0,0.113129,0.003922,0.207843,0.972549,0.028967,8.342123,0.001129,0.003490,-1.389807
003135.npy,0,0.108261,0.003922,0.219608,0.968627,0.028314,8.178724,0.001024,0.003116,-1.375831
003136.npy,0,0.001511,0.074510,0.180392,0.709804,0.069012,3.990519,0.007360,0.012492,-0.955028
003137.npy,0,0.001175,0.066667,0.137255,0.627451,0.050716,5.259912,0.003688,0.008326,-1.031106
003138.npy,0,0.000946,0.070588,0.156863,0.658824,0.056998,4.758970,0.006263,0.010801,-1.035464
003139.npy,0,0.001129,0.070588,0.164706,0.682353,0.058927,4.552285,0.007474,0.013450,-1.011162
003140.npy,0,0.061386,0.015686,0.458824,0.949020,0.040750,5.876675,0.003406,0.010148,-1.638141
003141.npy,0,0.120300,0.023529,0.109804,0.839216,0.013869,2.982441,0.000211,0.000183,-1.274946
003142.npy,0,0.123749,0.023529,0.105882,0.784314,0.012746,2.981491,0.000177,0.000188,-1.328068
003143.npy,0,0.103027,0.027451,0.129412,0.823529,0.013729,3.002649,0.000215,0.000258,-1.286256
003144.npy,0,0.000015,0.168627,0.878431,0.956863,0.010130,15.529679,0.000064,0.000082,-1.399600
003145.npy,0,0.226074,0.003922,0.141176,0.482353,0.071113,2.990680,0.008555,0.006162,-0.962939
003146.npy,0,0.229416,0.003922,0.141176,0.482353,0.070762,2.979925,0.008609,0.005974,-0.964226
003147.npy,0,0.229446,0.003922,0.141176,0.482353,0.070860,2.983514,0.008601,0.006024,-0.964234
003148.npy,0,0.031342,0.019608,0.333333,0.827451,0.034353,5.316685,0.002605,0.007180,-1.513680
003149.npy,0,0.146255,0.011765,0.278431,0.976471,0.023235,6.568394,0.000640,0.003164,-1.574195
003150.npy,0,0.189240,0.011765,0.521569,0.909804,0.021454,6.800753,0.000475,0.003233,-1.626410
003151.npy,0,0.177551,0.011765,0.266667,0.905882,0.022537,6.473814,0.000619,0.003164,-1.578556
003152.npy,0,0.005844,0.074510,0.639216,0.976471,0.057916,4.492316,0.009709,0.015993,-1.646449
003153.npy,0,0.071976,0.023529,0.270588,0.760784,0.040319,4.252759,0.004601,0.009874,-1.631892
003154.npy,0,0.064636,0.027451,0.270588,0.760784,0.039975,4.265308,0.004387,0.009645,-1.639238
003155.npy,0,0.059525,0.027451,0.274510,0.764706,0.039350,4.335476,0.004039,0.009371,-1.634431
003156.npy,0,0.011917,0.047059,0.345098,0.768627,0.073701,3.978346,0.009137,0.012592,-0.951910
003157.npy,0,0.001129,0.101961,0.494118,0.890196,0.036138,2.494083,0.001592,0.000447,-0.796908
003158.npy,0,0.000336,0.109804,0.490196,0.878431,0.035233,2.491903,0.001519,0.000432,-0.796489
003159.npy,0,0.000259,0.109804,0.482353,0.862745,0.034603,2.495827,0.001469,0.000419,-0.798263
003160.npy,0,0.005310,0.058824,0.454902,0.909804,0.033441,8.129148,0.001590,0.008065,-1.274574
003161.npy,0,0.000595,0.125490,0.529412,0.901961,0.031301,7.833032,0.001264,0.006961,-1.253627
003162.npy,0,0.003082,0.094118,0.513726,0.901961,0.044720,6.637684,0.003255,0.014770,-1.158241
003163.npy,0,0.001434,0.117647,0.529412,0.901961,0.039608,7.292798,0.002057,0.010581,-1.221260
003164.npy,1,0.003052,0.078431,0.564706,0.952941,0.078473,4.843962,0.029157,0.048270,-1.321393
003165.npy,0,0.009628,0.050980,0.533333,0.901961,0.037843,5.244259,0.004479,0.009453,-1.562312
003166.npy,0,0.010696,0.047059,0.529412,0.898039,0.037820,5.248704,0.004638,0.009611,-1.561961
003167.npy,0,0.010437,0.047059,0.517647,0.929412,0.039761,5.201467,0.004540,0.011390,-1.566253
003168.npy,0,0.026291,0.039216,0.192157,0.949020,0.029977,5.371106,0.000490,0.001893,-1.424899
003169.npy,0,0.075027,0.027451,0.098039,0.749020,0.026883,5.148972,0.000574,0.001260,-1.358491
003170.npy,0,0.067627,0.031373,0.098039,0.752941,0.027599,5.595810,0.000568,0.001407,-1.329976
003171.npy,0,0.058441,0.031373,0.109804,0.835294,0.028502,5.125623,0.000674,0.002020,-1.392049
003172.npy,0,0.000290,0.627451,0.803922,0.976471,0.014818,5.356919,0.000406,0.000913,-1.503114
003173.npy,0,0.001068,0.133333,0.443137,0.945098,0.023696,8.147448,0.000035,0.003809,-1.585021
003174.npy,0,0.001022,0.141176,0.427451,0.862745,0.021961,8.470785,0.000031,0.003096,-1.557483
003175.npy,0,0.000931,0.141176,0.431373,0.835294,0.019514,9.355743,0.000031,0.001009,-1.534615
003176.npy,0,0.028915,0.031373,0.196078,0.596078,0.046128,4.886134,0.002575,0.003116,-1.014542
003177.npy,1,0.004837,0.066667,0.411765,0.866667,0.072002,4.352921,0.009113,0.020177,-1.042504
003178.npy,1,0.004181,0.070588,0.411765,0.862745,0.071646,4.357588,0.009302,0.019864,-1.042067
003179.npy,1,0.004929,0.066667,0.380392,0.866667,0.076564,4.312788,0.011528,0.022753,-1.022249
003180.npy,0,0.024536,0.031373,0.737255,0.968627,0.017297,5.780091,0.000128,0.000977,-1.699906
003181.npy,0,0.000183,0.160784,0.494118,0.843137,0.048880,2.567621,0.002860,0.001128,-0.673359
003182.npy,0,0.000244,0.160784,0.466667,0.827451,0.049244,2.564661,0.002885,0.001085,-0.677599
003183.npy,0,0.000214,0.160784,0.513726,0.839216,0.048480,2.564337,0.002816,0.001109,-0.668995
003184.npy,1,0.218323,0.015686,0.309804,0.839216,0.084851,3.689321,0.019992,0.029432,-1.196093
003185.npy,0,0.278610,0.000000,0.184314,0.776471,0.063630,3.770140,0.009642,0.012756,-1.250559
003186.npy,0,0.251831,0.000000,0.192157,0.780392,0.061705,3.748496,0.008950,0.010978,-1.238772
003187.npy,0,0.286728,0.000000,0.168627,0.721569,0.057728,3.750883,0.007684,0.010225,-1.246172
003188.npy,0,0.002121,0.200000,0.635294,0.886275,0.013764,4.839515,0.000153,0.000065,-1.378938
003189.npy,0,0.000092,0.200000,0.521569,0.768627,0.058204,2.531096,0.003932,0.001116,-0.638500
003190.npy,0,0.000031,0.227451,0.517647,0.776471,0.064142,2.506894,0.004773,0.001289,-0.610240
003191.npy,0,0.000137,0.196078,0.509804,0.776471,0.062903,2.526173,0.004588,0.001311,-0.617948
003192.npy,0,0.000610,0.074510,0.160784,0.917647,0.017677,11.590784,0.000278,0.001347,-1.640254
003193.npy,0,0.145737,0.011765,0.462745,0.952941,0.032126,9.334961,0.001289,0.010099,-1.554194
003194.npy,0,0.122406,0.011765,0.517647,0.945098,0.033490,8.960525,0.001470,0.010374,-1.541510
003195.npy,0,0.102692,0.015686,0.568627,0.949020,0.032517,9.201266,0.001211,0.010321,-1.550651
003196.npy,0,0.121826,0.000000,0.337255,0.949020,0.036452,7.308257,0.001273,0.008753,-1.292405
003197.npy,0,0.286499,0.000000,0.125490,0.792157,0.044458,8.817039,0.001931,0.014522,-1.387390
003198.npy,0,0.375687,0.000000,0.113725,0.792157,0.042088,9.233489,0.001739,0.015383,-1.368242
003199.npy,0,0.254944,0.000000,0.133333,0.784314,0.044793,8.711869,0.001909,0.012546,-1.393832
